"studentId";"courseId";"progress";"startDate";"id"
1;51;58;"2017-01-25";1
1;30;66;"2016-01-25";2
1;52;85;"2017-08-25";3
1;61;54;"2017-01-25";4
2;41;64;"2017-01-25";5
144;29;43;"2014-01-25";6
2;44;40;"2016-01-25";7
2;63;66;"2015-01-25";8
144;64;71;"2016-01-25";9
2;53;58;"2015-08-25";10
3;57;53;"2017-08-25";11
3;42;82;"2015-08-25";12
3;46;36;"2016-08-25";13
4;72;81;"2015-01-25";14
4;74;50;"2017-08-25";15
4;18;82;"2017-08-25";16
4;58;43;"2017-01-25";17
5;44;52;"2016-01-25";18
5;4;49;"2015-01-25";19
5;45;84;"2017-01-25";20
5;51;89;"2016-08-25";21
6;57;88;"2017-01-25";22
145;71;70;"2015-01-25";23
145;69;81;"2017-01-25";24
145;48;64;"2017-01-25";25
145;65;66;"2016-01-25";26
146;41;64;"2014-01-25";27
146;36;69;"2016-01-25";28
6;9;40;"2016-01-25";29
6;22;87;"2014-01-25";30
146;70;43;"2016-08-25";31
146;44;65;"2014-08-25";32
147;44;68;"2017-08-25";33
147;45;41;"2015-01-25";34
147;16;84;"2017-01-25";35
147;59;52;"2015-01-25";36
147;73;67;"2016-01-25";37
148;7;55;"2016-01-25";38
148;35;81;"2014-01-25";39
148;68;42;"2015-08-25";40
6;62;65;"2016-01-25";41
7;74;40;"2014-01-25";42
7;64;67;"2015-08-25";43
148;51;70;"2014-08-25";44
7;42;68;"2014-08-25";45
148;69;45;"2017-08-25";46
7;65;68;"2016-08-25";47
7;18;66;"2017-08-25";48
8;60;70;"2017-01-25";49
8;72;83;"2015-01-25";50
8;9;72;"2017-01-25";51
8;29;84;"2014-01-25";52
9;65;40;"2015-08-25";53
9;68;55;"2015-01-25";54
9;33;86;"2017-01-25";55
9;46;51;"2017-01-25";56
10;42;88;"2017-08-25";57
10;23;49;"2015-08-25";58
10;74;65;"2017-08-25";59
10;67;55;"2016-01-25";60
11;61;68;"2015-01-25";61
11;58;49;"2017-01-25";62
11;24;37;"2017-01-25";63
11;38;40;"2016-01-25";64
149;10;54;"2017-08-25";65
12;23;81;"2017-08-25";66
149;16;73;"2016-08-25";67
12;26;38;"2014-01-25";68
149;7;44;"2016-01-25";69
12;29;89;"2015-01-25";70
149;34;69;"2017-01-25";71
13;58;57;"2017-01-25";72
150;23;87;"2017-01-25";73
13;74;89;"2017-01-25";74
150;26;70;"2017-01-25";75
13;12;41;"2016-01-25";76
150;29;52;"2015-01-25";77
13;66;82;"2015-01-25";78
150;35;56;"2016-01-25";79
14;67;87;"2016-08-25";80
14;21;54;"2017-01-25";81
151;65;45;"2016-01-25";82
151;73;52;"2016-01-25";83
14;31;41;"2017-01-25";84
151;33;43;"2017-01-25";85
14;4;71;"2014-01-25";86
151;2;53;"2017-08-25";87
15;32;68;"2015-01-25";88
152;54;89;"2015-08-25";89
15;33;83;"2017-08-25";90
152;61;40;"2014-01-25";91
15;62;41;"2017-08-25";92
152;5;55;"2016-01-25";93
15;66;53;"2017-01-25";94
152;15;42;"2017-01-25";95
16;34;71;"2016-01-25";96
153;51;70;"2016-01-25";97
16;3;57;"2014-01-25";98
153;15;43;"2015-01-25";99
153;56;54;"2014-01-25";100
16;61;73;"2016-01-25";101
153;4;67;"2017-01-25";102
16;49;68;"2017-01-25";103
153;40;36;"2017-08-25";104
17;32;45;"2015-01-25";105
17;33;37;"2017-08-25";106
239;42;49;"2015-01-25";107
17;27;50;"2016-01-25";108
154;3;90;"2016-01-25";109
17;13;69;"2016-01-25";110
239;34;41;"2016-08-25";111
18;17;66;"2017-01-25";112
18;8;89;"2017-01-25";113
154;35;51;"2017-01-25";114
18;19;44;"2014-01-25";115
18;68;84;"2017-01-25";116
154;28;36;"2016-01-25";117
19;19;55;"2015-01-25";118
154;63;83;"2014-01-25";119
19;46;89;"2016-01-25";120
155;27;53;"2015-01-25";121
19;6;83;"2016-01-25";122
155;62;72;"2016-01-25";123
19;71;49;"2017-01-25";124
155;6;70;"2016-08-25";125
20;37;87;"2017-08-25";126
155;63;58;"2017-08-25";127
240;70;65;"2017-08-25";128
20;16;39;"2017-01-25";129
156;68;55;"2016-08-25";130
20;72;69;"2017-01-25";131
156;44;56;"2014-01-25";132
240;69;81;"2017-08-25";133
20;15;38;"2014-01-25";134
240;52;86;"2014-01-25";135
21;46;68;"2016-01-25";136
156;57;49;"2017-01-25";137
240;75;72;"2016-01-25";138
21;28;37;"2015-08-25";139
156;8;49;"2015-01-25";140
241;1;64;"2017-01-25";141
21;23;43;"2016-08-25";142
241;13;36;"2017-01-25";143
21;66;44;"2017-08-25";144
157;41;70;"2016-01-25";145
22;48;53;"2015-01-25";146
157;65;66;"2017-01-25";147
241;31;73;"2016-01-25";148
22;67;51;"2017-01-25";149
157;62;38;"2017-01-25";150
157;73;69;"2016-01-25";151
22;42;73;"2017-01-25";152
23;71;73;"2016-01-25";153
241;33;70;"2016-01-25";154
23;70;45;"2015-01-25";155
242;67;58;"2015-01-25";156
23;43;66;"2015-01-25";157
242;21;65;"2017-01-25";158
23;48;58;"2016-01-25";159
24;41;36;"2014-01-25";160
242;2;38;"2017-01-25";161
158;57;88;"2014-01-25";162
158;26;69;"2014-08-25";163
24;40;85;"2017-08-25";164
242;18;53;"2015-01-25";165
158;27;43;"2015-08-25";166
24;32;70;"2017-01-25";167
243;43;50;"2016-08-25";168
158;5;86;"2016-01-25";169
24;28;64;"2017-01-25";170
243;28;44;"2014-01-25";171
25;30;66;"2015-08-25";172
48;22;85;"2017-08-25";173
243;74;69;"2017-01-25";174
159;48;44;"2015-01-25";175
25;51;45;"2017-08-25";176
243;7;85;"2016-01-25";177
48;17;71;"2017-01-25";178
159;21;58;"2017-01-25";179
25;73;68;"2014-08-25";180
159;29;86;"2017-01-25";181
25;43;72;"2015-01-25";182
159;34;51;"2017-08-25";183
26;9;36;"2016-01-25";184
160;52;65;"2016-08-25";185
244;8;55;"2016-01-25";186
26;57;38;"2016-01-25";187
160;16;41;"2017-01-25";188
160;36;67;"2015-01-25";189
26;21;83;"2017-01-25";190
160;72;43;"2016-01-25";191
161;27;54;"2016-01-25";192
161;73;38;"2016-01-25";193
26;75;70;"2015-01-25";194
48;74;89;"2015-01-25";195
27;71;51;"2015-01-25";196
49;76;65;"2016-08-25";197
27;69;85;"2017-01-25";198
244;17;42;"2014-01-25";199
49;48;49;"2017-08-25";200
161;15;82;"2016-01-25";201
27;73;44;"2014-01-25";202
49;70;67;"2017-01-25";203
161;2;49;"2017-01-25";204
49;50;82;"2017-01-25";205
162;1;82;"2017-01-25";206
50;11;53;"2014-01-25";207
162;46;56;"2015-01-25";208
162;55;44;"2016-01-25";209
27;8;50;"2016-01-25";210
50;10;56;"2016-01-25";211
162;53;82;"2014-01-25";212
27;37;52;"2016-01-25";213
163;76;67;"2017-08-25";214
28;67;39;"2017-08-25";215
163;48;71;"2017-01-25";216
50;56;90;"2015-01-25";217
28;76;73;"2017-08-25";218
163;33;52;"2017-01-25";219
50;40;67;"2017-01-25";220
28;1;70;"2015-01-25";221
163;25;84;"2016-01-25";222
51;29;82;"2016-01-25";223
164;31;40;"2016-01-25";224
28;53;83;"2017-01-25";225
51;75;39;"2017-08-25";226
29;67;67;"2017-01-25";227
164;4;72;"2016-01-25";228
29;76;41;"2014-01-25";229
164;35;67;"2017-08-25";230
164;50;81;"2016-01-25";231
51;25;65;"2016-01-25";232
244;37;67;"2017-01-25";233
165;67;72;"2015-01-25";234
29;44;81;"2017-01-25";235
165;76;88;"2017-01-25";236
29;59;51;"2015-01-25";237
165;12;40;"2015-01-25";238
29;2;55;"2017-01-25";239
51;24;65;"2015-01-25";240
165;44;65;"2017-01-25";241
30;75;70;"2016-01-25";242
52;53;38;"2017-01-25";243
166;13;45;"2016-01-25";244
30;71;72;"2015-08-25";245
52;8;53;"2017-01-25";246
166;43;50;"2016-08-25";247
52;51;39;"2017-01-25";248
166;69;41;"2017-08-25";249
244;68;64;"2015-08-25";250
52;52;52;"2015-01-25";251
30;39;69;"2017-08-25";252
245;35;56;"2017-08-25";253
53;57;58;"2017-08-25";254
30;24;71;"2016-01-25";255
245;34;52;"2017-08-25";256
166;25;69;"2014-01-25";257
31;43;70;"2017-01-25";258
245;5;85;"2017-08-25";259
167;19;90;"2017-01-25";260
31;50;57;"2017-01-25";261
167;1;44;"2017-01-25";262
31;75;70;"2015-01-25";263
167;53;70;"2015-01-25";264
167;57;44;"2016-01-25";265
168;34;51;"2016-01-25";266
31;30;83;"2016-01-25";267
168;10;66;"2016-01-25";268
32;63;44;"2014-01-25";269
32;16;82;"2017-01-25";270
168;22;39;"2017-08-25";271
32;69;50;"2017-01-25";272
168;46;73;"2017-01-25";273
33;34;71;"2016-08-25";274
33;11;36;"2015-01-25";275
33;6;43;"2015-01-25";276
245;11;41;"2017-08-25";277
33;62;51;"2016-01-25";278
246;4;64;"2017-01-25";279
169;57;70;"2017-01-25";280
34;19;53;"2016-01-25";281
246;73;53;"2016-01-25";282
34;1;65;"2014-01-25";283
34;31;43;"2017-08-25";284
169;9;72;"2015-01-25";285
34;66;68;"2017-01-25";286
169;28;40;"2016-01-25";287
246;27;85;"2017-01-25";288
35;57;43;"2017-01-25";289
170;26;50;"2016-01-25";290
35;42;50;"2015-01-25";291
53;9;69;"2016-08-25";292
35;28;88;"2016-01-25";293
53;12;81;"2015-08-25";294
35;32;37;"2016-01-25";295
54;70;73;"2017-08-25";296
36;4;89;"2017-01-25";297
54;69;53;"2017-08-25";298
170;32;39;"2016-01-25";299
54;8;51;"2016-01-25";300
170;63;45;"2016-08-25";301
54;4;66;"2016-01-25";302
171;60;39;"2015-08-25";303
55;76;89;"2016-01-25";304
171;25;49;"2014-08-25";305
55;21;50;"2017-01-25";306
171;9;90;"2016-08-25";307
171;39;42;"2017-01-25";308
246;62;45;"2016-01-25";309
55;7;90;"2017-01-25";310
172;35;53;"2015-01-25";311
55;31;64;"2014-01-25";312
247;69;54;"2016-01-25";313
172;38;84;"2017-01-25";314
247;29;53;"2015-01-25";315
56;19;39;"2016-08-25";316
247;35;71;"2015-08-25";317
36;65;52;"2017-01-25";318
247;26;40;"2014-08-25";319
248;1;65;"2016-08-25";320
36;37;83;"2017-08-25";321
248;19;37;"2017-08-25";322
36;51;45;"2017-08-25";323
248;50;89;"2017-08-25";324
56;13;81;"2017-08-25";325
37;22;84;"2017-01-25";326
248;69;54;"2017-01-25";327
56;36;39;"2014-01-25";328
37;20;51;"2015-01-25";329
249;7;56;"2017-01-25";330
56;9;67;"2016-01-25";331
37;13;49;"2014-01-25";332
249;63;58;"2016-01-25";333
37;7;41;"2016-08-25";334
38;71;57;"2015-08-25";335
249;35;81;"2016-01-25";336
38;69;81;"2017-08-25";337
38;61;45;"2014-01-25";338
38;24;64;"2016-01-25";339
39;17;50;"2017-01-25";340
249;38;54;"2017-01-25";341
39;53;54;"2017-01-25";342
39;9;83;"2015-01-25";343
250;1;43;"2016-08-25";344
39;45;69;"2017-01-25";345
40;3;38;"2014-01-25";346
172;46;73;"2017-01-25";347
250;50;72;"2016-08-25";348
40;37;40;"2016-01-25";349
173;35;81;"2016-01-25";350
40;19;86;"2017-08-25";351
173;16;57;"2016-01-25";352
40;16;51;"2016-08-25";353
173;34;82;"2014-01-25";354
41;21;56;"2017-01-25";355
173;42;50;"2016-01-25";356
41;48;45;"2017-01-25";357
57;18;49;"2015-01-25";358
174;58;37;"2017-01-25";359
41;62;50;"2017-01-25";360
57;73;45;"2017-01-25";361
174;60;67;"2015-01-25";362
41;23;65;"2017-08-25";363
57;55;54;"2017-01-25";364
174;47;85;"2017-08-25";365
250;19;39;"2015-08-25";366
42;76;69;"2017-08-25";367
57;51;42;"2014-01-25";368
174;10;55;"2017-08-25";369
250;71;45;"2015-01-25";370
58;42;64;"2017-08-25";371
175;21;86;"2017-01-25";372
42;21;57;"2015-01-25";373
58;9;42;"2016-01-25";374
42;58;51;"2016-01-25";375
58;39;87;"2016-01-25";376
42;23;69;"2017-08-25";377
175;48;55;"2016-01-25";378
43;67;68;"2016-01-25";379
175;12;49;"2014-01-25";380
58;40;40;"2015-01-25";381
175;64;38;"2016-01-25";382
176;38;44;"2016-08-25";383
59;36;69;"2017-01-25";384
251;44;65;"2017-01-25";385
176;52;86;"2015-08-25";386
251;56;87;"2016-01-25";387
176;60;82;"2015-08-25";388
59;62;49;"2017-08-25";389
43;48;88;"2017-01-25";390
59;63;44;"2015-08-25";391
59;46;66;"2017-01-25";392
43;9;85;"2017-01-25";393
251;69;64;"2017-08-25";394
60;6;71;"2016-01-25";395
43;19;84;"2015-01-25";396
251;31;70;"2016-01-25";397
60;24;81;"2014-01-25";398
43;27;57;"2014-01-25";399
252;48;38;"2017-01-25";400
60;7;81;"2017-01-25";401
44;50;86;"2015-08-25";402
60;39;64;"2017-01-25";403
61;50;53;"2015-01-25";404
252;21;49;"2017-01-25";405
252;9;42;"2017-08-25";406
61;1;71;"2016-01-25";407
61;69;58;"2014-01-25";408
177;66;40;"2017-01-25";409
177;58;51;"2015-01-25";410
61;57;55;"2016-01-25";411
177;56;73;"2016-01-25";412
62;12;68;"2017-08-25";413
177;38;66;"2014-01-25";414
62;2;86;"2017-01-25";415
44;43;68;"2016-08-25";416
62;36;72;"2015-01-25";417
44;59;73;"2016-01-25";418
178;48;73;"2016-01-25";419
44;66;85;"2017-08-25";420
252;49;38;"2015-08-25";421
178;67;84;"2016-08-25";422
45;67;56;"2017-08-25";423
178;26;71;"2016-08-25";424
62;1;73;"2017-01-25";425
45;21;41;"2015-08-25";426
178;54;42;"2016-01-25";427
63;40;68;"2017-01-25";428
178;6;56;"2017-01-25";429
63;65;81;"2016-01-25";430
179;16;66;"2017-01-25";431
63;44;56;"2015-01-25";432
179;38;65;"2015-01-25";433
179;24;55;"2017-08-25";434
64;70;66;"2017-01-25";435
64;71;41;"2017-01-25";436
64;10;38;"2014-01-25";437
179;25;64;"2016-01-25";438
253;46;67;"2014-08-25";439
64;50;38;"2016-01-25";440
179;30;58;"2014-01-25";441
253;47;82;"2017-08-25";442
65;9;37;"2016-01-25";443
253;8;36;"2017-01-25";444
65;26;49;"2014-01-25";445
65;45;90;"2017-08-25";446
45;30;86;"2017-08-25";447
65;72;67;"2017-08-25";448
180;68;89;"2015-01-25";449
45;3;44;"2015-08-25";450
66;42;36;"2017-08-25";451
180;56;72;"2017-01-25";452
253;36;90;"2014-01-25";453
66;23;40;"2017-08-25";454
180;65;58;"2016-01-25";455
253;17;82;"2016-01-25";456
180;35;73;"2014-01-25";457
254;23;39;"2017-08-25";458
254;32;84;"2014-01-25";459
181;41;40;"2017-01-25";460
66;25;43;"2015-01-25";461
181;36;89;"2015-01-25";462
67;72;70;"2017-01-25";463
181;59;43;"2016-01-25";464
254;6;55;"2016-08-25";465
67;5;68;"2017-01-25";466
67;36;45;"2016-01-25";467
254;22;83;"2016-01-25";468
67;31;68;"2016-01-25";469
255;69;52;"2014-01-25";470
68;55;37;"2016-01-25";471
181;54;86;"2016-08-25";472
68;64;40;"2017-01-25";473
182;47;89;"2017-08-25";474
46;74;70;"2017-01-25";475
68;1;83;"2015-01-25";476
182;50;50;"2016-01-25";477
255;70;88;"2017-08-25";478
46;20;88;"2015-01-25";479
68;42;45;"2014-08-25";480
255;37;88;"2015-01-25";481
69;6;56;"2017-08-25";482
255;40;42;"2017-01-25";483
69;7;84;"2015-08-25";484
256;7;81;"2016-08-25";485
256;16;70;"2015-08-25";486
256;33;82;"2016-08-25";487
69;36;72;"2016-08-25";488
256;44;73;"2017-01-25";489
70;60;42;"2017-01-25";490
70;25;58;"2016-01-25";491
46;44;67;"2017-01-25";492
182;4;90;"2017-01-25";493
47;41;50;"2017-01-25";494
183;57;69;"2017-01-25";495
70;68;56;"2014-01-25";496
257;12;56;"2015-01-25";497
47;36;42;"2015-01-25";498
70;41;85;"2016-01-25";499
257;39;43;"2017-08-25";500
47;54;72;"2016-01-25";501
257;64;73;"2017-08-25";502
47;38;68;"2016-01-25";503
257;57;41;"2015-01-25";504
48;66;54;"2017-01-25";505
257;54;83;"2017-08-25";506
258;30;44;"2017-01-25";507
258;8;68;"2017-01-25";508
258;73;54;"2015-08-25";509
258;58;42;"2015-01-25";510
71;32;66;"2014-01-25";511
259;26;83;"2014-08-25";512
259;33;88;"2016-01-25";513
71;33;56;"2017-01-25";514
183;9;72;"2015-01-25";515
71;15;68;"2015-08-25";516
183;70;65;"2014-01-25";517
72;35;54;"2015-01-25";518
259;6;50;"2017-01-25";519
183;48;41;"2015-08-25";520
259;68;37;"2015-01-25";521
184;50;66;"2017-01-25";522
72;7;67;"2017-01-25";523
260;67;67;"2017-08-25";524
72;56;57;"2017-01-25";525
260;48;89;"2015-08-25";526
260;35;58;"2016-01-25";527
72;36;51;"2016-01-25";528
260;6;90;"2017-01-25";529
73;53;49;"2014-01-25";530
261;29;51;"2016-08-25";531
73;39;73;"2017-01-25";532
331;44;67;"2017-01-25";533
261;69;64;"2017-08-25";534
73;72;81;"2015-01-25";535
332;64;58;"2014-01-25";536
261;13;67;"2015-08-25";537
73;56;82;"2017-01-25";538
332;22;54;"2017-01-25";539
74;6;52;"2015-01-25";540
332;32;58;"2017-08-25";541
261;7;73;"2016-01-25";542
184;28;42;"2015-01-25";543
332;3;56;"2016-08-25";544
184;37;68;"2017-01-25";545
74;34;67;"2016-01-25";546
262;76;50;"2017-01-25";547
184;12;89;"2016-01-25";548
74;61;68;"2016-01-25";549
185;21;68;"2016-01-25";550
185;48;85;"2014-01-25";551
185;56;38;"2017-01-25";552
74;24;82;"2017-01-25";553
185;69;90;"2015-01-25";554
186;32;66;"2017-08-25";555
262;67;36;"2016-01-25";556
186;9;84;"2017-08-25";557
333;76;83;"2015-01-25";558
75;23;44;"2017-01-25";559
186;63;65;"2014-08-25";560
333;48;55;"2016-01-25";561
75;9;71;"2017-01-25";562
333;4;71;"2016-01-25";563
75;27;88;"2017-08-25";564
333;39;87;"2017-01-25";565
186;41;45;"2015-08-25";566
75;50;42;"2015-01-25";567
187;70;41;"2016-01-25";568
262;1;45;"2016-01-25";569
76;39;58;"2017-01-25";570
187;71;57;"2016-01-25";571
262;27;42;"2015-01-25";572
76;17;43;"2017-01-25";573
334;32;49;"2017-08-25";574
263;61;70;"2014-01-25";575
76;37;36;"2014-01-25";576
334;33;66;"2017-01-25";577
263;25;45;"2016-08-25";578
76;22;87;"2016-01-25";579
263;66;44;"2016-01-25";580
334;70;36;"2015-01-25";581
77;1;85;"2016-01-25";582
334;42;90;"2016-01-25";583
77;13;81;"2015-01-25";584
263;19;44;"2017-01-25";585
335;9;58;"2016-01-25";586
264;25;37;"2015-01-25";587
77;62;67;"2017-01-25";588
264;60;52;"2015-01-25";589
187;36;44;"2017-01-25";590
187;54;55;"2017-01-25";591
264;52;87;"2017-08-25";592
335;23;49;"2017-01-25";593
264;41;81;"2017-08-25";594
188;1;71;"2014-01-25";595
335;56;50;"2017-08-25";596
265;50;89;"2015-08-25";597
188;13;58;"2016-01-25";598
335;69;54;"2015-08-25";599
188;7;70;"2016-01-25";600
265;19;66;"2016-01-25";601
336;49;54;"2015-01-25";602
188;14;64;"2017-01-25";603
265;18;87;"2017-01-25";604
336;27;89;"2015-01-25";605
265;47;38;"2015-01-25";606
266;59;86;"2016-01-25";607
336;7;44;"2017-01-25";608
266;66;87;"2017-01-25";609
336;64;56;"2015-01-25";610
266;10;54;"2016-08-25";611
266;31;69;"2017-08-25";612
337;47;37;"2015-01-25";613
337;19;52;"2016-08-25";614
337;41;81;"2014-01-25";615
189;52;65;"2016-01-25";616
338;4;45;"2017-01-25";617
189;16;68;"2014-01-25";618
77;20;84;"2015-08-25";619
189;39;38;"2015-01-25";620
338;14;53;"2017-01-25";621
189;37;67;"2017-01-25";622
338;55;41;"2017-01-25";623
190;34;73;"2017-08-25";624
338;59;82;"2014-01-25";625
339;32;66;"2017-08-25";626
339;26;44;"2015-01-25";627
190;38;49;"2015-08-25";628
339;68;55;"2017-01-25";629
339;47;52;"2016-01-25";630
340;11;83;"2015-01-25";631
190;68;84;"2017-08-25";632
340;52;43;"2017-08-25";633
190;18;84;"2017-01-25";634
340;5;55;"2014-08-25";635
267;39;72;"2014-08-25";636
78;72;65;"2016-08-25";637
191;50;83;"2016-01-25";638
340;56;53;"2017-08-25";639
78;59;81;"2016-08-25";640
191;47;57;"2015-01-25";641
341;26;73;"2017-08-25";642
78;21;87;"2017-01-25";643
191;7;39;"2016-08-25";644
341;23;82;"2017-01-25";645
341;32;40;"2016-01-25";646
191;1;42;"2017-08-25";647
341;44;52;"2016-01-25";648
192;76;72;"2016-08-25";649
342;29;86;"2015-01-25";650
192;48;40;"2017-01-25";651
342;75;73;"2015-01-25";652
192;5;71;"2017-01-25";653
342;68;84;"2017-01-25";654
342;43;66;"2017-01-25";655
192;33;65;"2017-01-25";656
343;26;83;"2017-08-25";657
343;42;50;"2015-01-25";658
343;22;71;"2017-01-25";659
193;39;45;"2016-01-25";660
343;67;49;"2015-08-25";661
193;12;56;"2014-01-25";662
344;23;37;"2016-01-25";663
344;32;43;"2015-01-25";664
193;46;66;"2015-01-25";665
344;42;85;"2015-01-25";666
344;6;86;"2017-01-25";667
345;33;43;"2014-01-25";668
193;10;56;"2017-01-25";669
267;51;90;"2016-08-25";670
345;9;82;"2017-01-25";671
267;37;70;"2014-01-25";672
345;32;40;"2016-08-25";673
267;43;85;"2017-01-25";674
345;43;55;"2017-01-25";675
268;57;71;"2015-01-25";676
346;23;54;"2015-01-25";677
268;32;69;"2017-01-25";678
346;57;49;"2017-08-25";679
78;48;83;"2017-01-25";680
268;30;50;"2016-01-25";681
346;42;37;"2017-08-25";682
79;1;68;"2015-01-25";683
268;56;52;"2017-01-25";684
79;28;83;"2017-01-25";685
346;34;42;"2016-01-25";686
268;44;71;"2017-08-25";687
79;50;88;"2014-01-25";688
347;26;66;"2017-01-25";689
269;46;66;"2017-08-25";690
194;65;52;"2017-01-25";691
79;44;83;"2016-01-25";692
347;32;42;"2017-08-25";693
269;50;69;"2015-08-25";694
194;49;71;"2015-01-25";695
80;39;41;"2014-01-25";696
194;11;85;"2017-01-25";697
269;59;64;"2016-01-25";698
80;15;90;"2017-01-25";699
80;29;84;"2017-08-25";700
80;7;45;"2016-08-25";701
194;4;51;"2017-08-25";702
269;4;70;"2016-01-25";703
81;19;52;"2017-08-25";704
195;58;44;"2017-08-25";705
195;59;83;"2017-01-25";706
347;8;57;"2017-01-25";707
195;56;88;"2015-01-25";708
270;70;82;"2016-08-25";709
347;29;41;"2015-01-25";710
270;75;41;"2017-08-25";711
348;59;41;"2017-01-25";712
348;25;89;"2016-01-25";713
348;39;49;"2015-01-25";714
348;66;44;"2017-01-25";715
349;4;66;"2017-01-25";716
349;31;58;"2016-08-25";717
349;28;45;"2016-08-25";718
349;26;85;"2016-01-25";719
350;17;90;"2015-01-25";720
350;39;55;"2017-01-25";721
350;75;83;"2017-01-25";722
350;55;86;"2017-08-25";723
351;53;64;"2014-01-25";724
351;39;55;"2016-01-25";725
351;32;38;"2015-01-25";726
351;10;90;"2017-01-25";727
352;67;40;"2015-08-25";728
352;76;45;"2017-01-25";729
352;18;36;"2015-01-25";730
353;29;39;"2016-01-25";731
353;69;39;"2014-08-25";732
353;51;70;"2016-08-25";733
353;47;69;"2017-08-25";734
354;71;89;"2016-08-25";735
354;70;41;"2017-08-25";736
354;48;44;"2017-01-25";737
354;59;45;"2016-01-25";738
195;34;36;"2016-01-25";739
355;21;86;"2017-01-25";740
196;9;65;"2014-01-25";741
196;32;42;"2016-01-25";742
355;67;44;"2015-01-25";743
196;1;55;"2014-08-25";744
196;72;56;"2017-01-25";745
355;32;37;"2015-08-25";746
197;48;86;"2015-01-25";747
355;22;90;"2017-08-25";748
356;49;66;"2016-08-25";749
197;21;41;"2016-01-25";750
356;18;36;"2017-08-25";751
197;70;66;"2014-01-25";752
356;28;42;"2017-01-25";753
197;35;89;"2016-01-25";754
198;70;51;"2014-01-25";755
198;69;39;"2015-08-25";756
270;11;65;"2016-08-25";757
198;32;52;"2017-01-25";758
270;67;51;"2017-08-25";759
198;23;84;"2017-01-25";760
271;70;51;"2017-01-25";761
199;18;64;"2015-01-25";762
199;62;89;"2014-01-25";763
199;6;66;"2016-01-25";764
199;31;67;"2016-01-25";765
200;10;66;"2017-01-25";766
200;24;38;"2015-01-25";767
81;47;52;"2016-08-25";768
200;59;39;"2017-01-25";769
81;37;67;"2015-01-25";770
81;42;68;"2017-01-25";771
82;67;64;"2017-01-25";772
82;21;83;"2015-01-25";773
82;26;65;"2014-01-25";774
200;45;36;"2016-01-25";775
201;57;51;"2014-01-25";776
271;69;89;"2014-01-25";777
201;26;65;"2017-08-25";778
271;48;88;"2016-01-25";779
82;29;70;"2016-01-25";780
201;30;68;"2016-01-25";781
271;37;44;"2015-01-25";782
83;76;44;"2014-01-25";783
201;29;83;"2015-01-25";784
83;67;83;"2017-01-25";785
202;15;71;"2017-01-25";786
272;35;84;"2016-01-25";787
83;53;57;"2017-01-25";788
272;6;53;"2016-08-25";789
83;13;49;"2015-08-25";790
272;65;64;"2017-08-25";791
272;51;58;"2017-01-25";792
202;17;65;"2015-01-25";793
273;56;43;"2017-01-25";794
202;72;43;"2017-01-25";795
273;41;56;"2015-08-25";796
202;70;54;"2016-08-25";797
273;6;81;"2015-01-25";798
203;14;65;"2016-01-25";799
273;15;39;"2017-01-25";800
203;65;65;"2016-01-25";801
203;18;90;"2014-01-25";802
204;29;55;"2016-01-25";803
204;75;57;"2017-01-25";804
204;40;67;"2015-01-25";805
204;39;39;"2017-01-25";806
205;27;73;"2017-08-25";807
205;36;82;"2015-08-25";808
205;33;65;"2017-08-25";809
205;40;65;"2016-01-25";810
206;54;81;"2014-01-25";811
206;20;71;"2016-01-25";812
84;33;58;"2017-01-25";813
273;23;38;"2017-08-25";814
206;66;42;"2017-01-25";815
84;32;54;"2015-01-25";816
274;44;56;"2017-08-25";817
206;9;64;"2015-01-25";818
84;49;70;"2016-01-25";819
207;74;38;"2017-01-25";820
274;36;49;"2014-01-25";821
274;74;88;"2017-01-25";822
84;64;72;"2016-01-25";823
207;60;44;"2014-01-25";824
274;53;54;"2017-01-25";825
85;49;84;"2016-01-25";826
207;73;85;"2016-08-25";827
275;29;72;"2017-01-25";828
207;40;50;"2016-01-25";829
275;70;73;"2016-08-25";830
85;68;90;"2017-01-25";831
275;73;66;"2016-01-25";832
85;53;54;"2017-08-25";833
275;53;44;"2015-01-25";834
208;57;49;"2015-01-25";835
85;36;66;"2017-01-25";836
208;26;54;"2015-01-25";837
86;7;52;"2015-01-25";838
208;15;86;"2014-01-25";839
86;34;38;"2014-01-25";840
276;32;52;"2017-08-25";841
276;33;56;"2015-08-25";842
86;40;55;"2016-01-25";843
208;28;42;"2017-08-25";844
276;70;83;"2017-01-25";845
209;36;55;"2017-08-25";846
209;56;38;"2014-01-25";847
276;17;85;"2016-01-25";848
357;12;56;"2016-01-25";849
209;38;37;"2014-01-25";850
277;76;87;"2016-08-25";851
209;75;36;"2017-01-25";852
357;15;40;"2017-01-25";853
210;53;84;"2014-08-25";854
357;26;86;"2017-01-25";855
277;21;88;"2017-08-25";856
210;30;72;"2017-01-25";857
358;38;39;"2017-08-25";858
277;35;57;"2017-08-25";859
210;49;71;"2017-01-25";860
277;27;72;"2014-01-25";861
210;6;69;"2015-01-25";862
278;15;43;"2016-01-25";863
211;6;71;"2016-01-25";864
358;34;69;"2017-01-25";865
278;17;89;"2014-01-25";866
278;43;81;"2015-01-25";867
358;62;89;"2015-01-25";868
278;32;42;"2015-01-25";869
358;16;36;"2015-08-25";870
211;63;36;"2017-08-25";871
279;21;86;"2016-01-25";872
279;76;45;"2017-01-25";873
87;23;51;"2016-01-25";874
359;11;70;"2017-08-25";875
279;68;88;"2016-08-25";876
359;10;50;"2017-08-25";877
279;11;90;"2017-08-25";878
211;62;71;"2016-01-25";879
280;76;90;"2015-08-25";880
280;48;54;"2017-01-25";881
87;57;44;"2014-01-25";882
280;37;67;"2015-01-25";883
359;51;85;"2015-08-25";884
280;39;50;"2017-01-25";885
359;4;72;"2017-01-25";886
281;23;64;"2017-08-25";887
281;57;41;"2016-01-25";888
360;11;54;"2014-01-25";889
281;29;86;"2014-01-25";890
87;63;57;"2015-01-25";891
281;15;89;"2016-08-25";892
87;7;88;"2014-08-25";893
360;10;82;"2017-01-25";894
281;24;52;"2015-01-25";895
88;43;55;"2017-01-25";896
360;73;64;"2014-08-25";897
282;30;42;"2017-08-25";898
88;47;64;"2015-01-25";899
282;51;70;"2015-08-25";900
88;41;83;"2017-01-25";901
282;1;65;"2017-08-25";902
360;5;87;"2015-01-25";903
88;27;65;"2016-01-25";904
282;27;58;"2017-01-25";905
89;58;54;"2016-01-25";906
283;14;84;"2017-01-25";907
89;54;69;"2014-01-25";908
283;44;69;"2015-01-25";909
89;69;89;"2017-01-25";910
283;21;56;"2016-01-25";911
89;18;83;"2015-01-25";912
212;29;38;"2016-01-25";913
283;19;51;"2017-01-25";914
90;30;85;"2015-01-25";915
90;15;45;"2016-01-25";916
90;42;65;"2017-08-25";917
212;71;50;"2017-01-25";918
284;29;89;"2016-08-25";919
212;11;81;"2017-01-25";920
284;75;81;"2015-01-25";921
212;50;45;"2017-01-25";922
284;41;45;"2015-01-25";923
284;1;83;"2017-08-25";924
285;42;53;"2014-08-25";925
213;1;84;"2015-08-25";926
361;28;82;"2017-01-25";927
90;19;54;"2015-08-25";928
91;31;44;"2017-08-25";929
91;62;88;"2017-08-25";930
213;47;86;"2016-08-25";931
91;24;36;"2015-08-25";932
91;61;54;"2016-01-25";933
213;73;50;"2017-08-25";934
285;32;82;"2017-01-25";935
92;15;38;"2016-01-25";936
285;47;65;"2015-01-25";937
92;39;55;"2015-01-25";938
285;19;50;"2014-01-25";939
361;1;41;"2017-01-25";940
92;7;51;"2017-01-25";941
286;13;71;"2015-08-25";942
93;63;89;"2017-01-25";943
286;50;41;"2017-08-25";944
93;7;51;"2015-01-25";945
361;19;89;"2015-01-25";946
286;17;67;"2017-01-25";947
93;59;84;"2014-01-25";948
361;65;82;"2016-01-25";949
94;48;89;"2016-01-25";950
286;8;38;"2015-01-25";951
94;67;90;"2016-01-25";952
286;63;71;"2017-08-25";953
362;27;40;"2017-08-25";954
94;18;41;"2014-08-25";955
287;33;88;"2017-01-25";956
94;66;73;"2016-08-25";957
362;4;68;"2017-08-25";958
95;45;90;"2015-01-25";959
287;26;36;"2016-01-25";960
95;40;44;"2017-01-25";961
362;41;81;"2016-08-25";962
95;74;67;"2017-01-25";963
95;36;82;"2015-01-25";964
362;29;71;"2017-01-25";965
96;68;49;"2017-08-25";966
287;46;88;"2016-08-25";967
287;3;40;"2017-01-25";968
363;28;56;"2017-01-25";969
288;41;45;"2017-01-25";970
96;36;67;"2014-01-25";971
363;47;51;"2017-08-25";972
96;56;85;"2016-01-25";973
213;69;39;"2017-08-25";974
96;4;72;"2015-01-25";975
288;40;81;"2017-01-25";976
97;70;52;"2017-01-25";977
288;49;81;"2017-08-25";978
363;10;89;"2015-08-25";979
97;69;51;"2017-01-25";980
288;67;49;"2015-01-25";981
97;19;52;"2016-01-25";982
289;63;51;"2017-08-25";983
97;14;53;"2017-08-25";984
213;23;52;"2016-08-25";985
98;35;87;"2015-08-25";986
98;6;49;"2016-08-25";987
98;46;86;"2016-01-25";988
99;56;82;"2016-01-25";989
99;45;71;"2015-01-25";990
99;3;36;"2017-01-25";991
214;51;66;"2015-01-25";992
214;30;65;"2017-01-25";993
214;36;53;"2016-01-25";994
214;32;53;"2015-01-25";995
99;43;36;"2017-01-25";996
363;14;36;"2017-08-25";997
100;50;87;"2015-01-25";998
100;28;83;"2016-01-25";999
364;16;89;"2016-01-25";1000
100;62;41;"2017-08-25";1001
364;35;54;"2015-01-25";1002
364;18;55;"2015-01-25";1003
364;31;41;"2017-01-25";1004
289;10;70;"2015-08-25";1005
215;69;82;"2016-08-25";1006
365;68;88;"2017-01-25";1007
289;59;65;"2016-08-25";1008
215;75;39;"2015-08-25";1009
289;73;38;"2017-01-25";1010
100;29;89;"2017-08-25";1011
365;44;42;"2016-01-25";1012
100;54;81;"2015-08-25";1013
290;21;83;"2017-01-25";1014
215;53;43;"2014-08-25";1015
101;62;56;"2016-01-25";1016
290;67;71;"2015-01-25";1017
101;56;50;"2014-01-25";1018
365;19;73;"2017-08-25";1019
290;8;88;"2017-01-25";1020
215;60;87;"2017-08-25";1021
365;55;83;"2016-08-25";1022
216;75;50;"2017-01-25";1023
366;66;44;"2015-01-25";1024
216;70;55;"2015-01-25";1025
366;20;89;"2017-01-25";1026
366;62;52;"2015-01-25";1027
366;28;69;"2017-08-25";1028
216;20;42;"2016-01-25";1029
290;12;67;"2017-01-25";1030
367;28;90;"2017-01-25";1031
216;15;56;"2014-01-25";1032
291;50;89;"2016-08-25";1033
291;43;73;"2015-01-25";1034
101;41;87;"2016-01-25";1035
291;60;36;"2017-01-25";1036
367;1;42;"2016-01-25";1037
101;18;65;"2017-01-25";1038
102;64;40;"2017-01-25";1039
292;12;89;"2017-01-25";1040
367;9;68;"2017-01-25";1041
102;72;89;"2015-01-25";1042
292;39;73;"2015-01-25";1043
102;49;81;"2014-08-25";1044
292;17;41;"2017-08-25";1045
367;59;43;"2015-01-25";1046
292;36;90;"2016-01-25";1047
292;65;85;"2017-01-25";1048
368;32;89;"2017-08-25";1049
293;73;55;"2016-01-25";1050
293;44;42;"2014-01-25";1051
102;68;90;"2017-01-25";1052
293;51;40;"2015-01-25";1053
368;23;87;"2017-08-25";1054
293;54;38;"2017-01-25";1055
294;26;81;"2015-01-25";1056
217;66;50;"2016-01-25";1057
368;72;64;"2016-08-25";1058
217;54;70;"2016-08-25";1059
294;42;44;"2016-01-25";1060
368;22;66;"2016-01-25";1061
217;14;71;"2016-08-25";1062
294;65;90;"2017-08-25";1063
294;36;84;"2014-08-25";1064
369;37;82;"2016-01-25";1065
295;63;57;"2014-01-25";1066
217;33;53;"2017-08-25";1067
295;3;45;"2017-01-25";1068
103;2;57;"2017-01-25";1069
369;52;81;"2017-01-25";1070
295;75;84;"2015-01-25";1071
103;12;58;"2015-01-25";1072
218;73;71;"2017-01-25";1073
103;18;81;"2017-01-25";1074
296;67;56;"2017-08-25";1075
103;19;45;"2015-01-25";1076
296;48;54;"2016-01-25";1077
369;22;58;"2017-08-25";1078
218;49;86;"2017-01-25";1079
296;62;36;"2016-01-25";1080
104;44;66;"2015-08-25";1081
296;56;49;"2017-01-25";1082
369;2;81;"2017-08-25";1083
297;26;89;"2017-01-25";1084
104;73;50;"2014-01-25";1085
297;33;42;"2015-08-25";1086
104;19;41;"2016-01-25";1087
297;31;36;"2017-08-25";1088
104;6;58;"2017-01-25";1089
370;53;50;"2014-08-25";1090
218;29;50;"2014-01-25";1091
104;26;55;"2017-01-25";1092
105;43;45;"2015-01-25";1093
297;10;40;"2015-01-25";1094
105;19;57;"2016-01-25";1095
370;15;81;"2016-08-25";1096
219;23;43;"2016-01-25";1097
105;32;49;"2017-08-25";1098
105;64;54;"2016-08-25";1099
297;20;68;"2017-01-25";1100
106;50;43;"2017-08-25";1101
370;22;65;"2015-08-25";1102
298;26;72;"2015-01-25";1103
298;42;50;"2014-08-25";1104
298;25;65;"2017-01-25";1105
370;32;58;"2017-01-25";1106
219;32;54;"2016-01-25";1107
298;17;56;"2017-01-25";1108
106;47;86;"2016-08-25";1109
299;39;90;"2016-01-25";1110
106;19;56;"2015-08-25";1111
219;1;70;"2015-01-25";1112
106;67;87;"2014-08-25";1113
107;30;53;"2017-08-25";1114
107;39;68;"2016-01-25";1115
107;33;70;"2015-01-25";1116
219;42;68;"2017-01-25";1117
107;40;81;"2017-01-25";1118
371;37;67;"2017-01-25";1119
107;53;82;"2017-01-25";1120
108;75;56;"2014-01-25";1121
299;53;72;"2017-08-25";1122
220;48;71;"2017-01-25";1123
108;71;68;"2016-01-25";1124
371;16;85;"2014-01-25";1125
299;50;70;"2017-08-25";1126
108;20;71;"2015-01-25";1127
371;61;70;"2015-01-25";1128
300;60;36;"2015-01-25";1129
300;22;40;"2017-01-25";1130
300;46;66;"2015-01-25";1131
371;70;53;"2017-01-25";1132
372;41;54;"2017-01-25";1133
372;4;43;"2016-08-25";1134
300;67;82;"2015-08-25";1135
220;67;82;"2014-08-25";1136
372;54;58;"2017-08-25";1137
301;20;69;"2015-08-25";1138
301;5;58;"2017-08-25";1139
108;24;56;"2017-01-25";1140
372;74;65;"2017-08-25";1141
220;13;82;"2015-08-25";1142
109;8;90;"2016-01-25";1143
301;50;44;"2017-01-25";1144
109;39;54;"2017-08-25";1145
302;25;86;"2016-01-25";1146
373;5;56;"2016-01-25";1147
220;33;52;"2014-08-25";1148
302;66;64;"2015-01-25";1149
109;23;40;"2017-01-25";1150
221;64;89;"2015-01-25";1151
302;55;88;"2015-01-25";1152
109;53;42;"2015-01-25";1153
373;61;71;"2015-01-25";1154
110;57;72;"2016-01-25";1155
302;74;69;"2014-01-25";1156
221;74;70;"2017-01-25";1157
303;46;82;"2016-01-25";1158
303;1;70;"2014-01-25";1159
303;23;86;"2017-01-25";1160
303;27;81;"2017-01-25";1161
221;59;65;"2014-01-25";1162
304;53;49;"2016-08-25";1163
304;2;53;"2017-08-25";1164
373;66;37;"2017-01-25";1165
304;49;53;"2017-01-25";1166
304;8;87;"2015-01-25";1167
304;72;37;"2015-08-25";1168
110;32;66;"2014-01-25";1169
373;35;45;"2016-01-25";1170
110;72;51;"2017-01-25";1171
110;68;50;"2017-01-25";1172
305;13;43;"2016-01-25";1173
110;51;65;"2016-01-25";1174
374;31;49;"2016-01-25";1175
305;19;71;"2017-01-25";1176
305;72;81;"2016-08-25";1177
305;44;37;"2017-08-25";1178
374;68;72;"2015-01-25";1179
111;29;89;"2017-01-25";1180
306;30;69;"2015-01-25";1181
111;70;56;"2015-01-25";1182
306;8;42;"2016-01-25";1183
111;21;38;"2015-08-25";1184
306;44;72;"2017-08-25";1185
374;3;73;"2017-01-25";1186
112;63;89;"2017-08-25";1187
306;22;44;"2017-08-25";1188
307;43;40;"2015-08-25";1189
374;54;58;"2017-01-25";1190
307;19;39;"2017-01-25";1191
307;37;82;"2017-01-25";1192
375;21;51;"2016-08-25";1193
112;6;40;"2016-08-25";1194
112;64;72;"2016-08-25";1195
112;17;65;"2017-08-25";1196
375;76;57;"2017-08-25";1197
113;48;83;"2016-01-25";1198
113;76;54;"2017-01-25";1199
307;40;84;"2015-01-25";1200
375;66;89;"2017-08-25";1201
113;2;67;"2014-01-25";1202
308;14;58;"2016-08-25";1203
308;31;40;"2015-01-25";1204
113;33;39;"2015-01-25";1205
375;30;43;"2015-01-25";1206
114;29;71;"2016-01-25";1207
308;64;90;"2014-01-25";1208
114;71;43;"2017-01-25";1209
308;24;73;"2017-01-25";1210
114;56;64;"2017-08-25";1211
375;48;51;"2017-01-25";1212
309;12;41;"2017-01-25";1213
309;15;88;"2017-08-25";1214
309;50;65;"2014-08-25";1215
309;61;43;"2016-01-25";1216
310;67;40;"2017-01-25";1217
114;30;52;"2016-01-25";1218
376;20;57;"2015-01-25";1219
310;21;88;"2015-01-25";1220
115;35;82;"2017-01-25";1221
310;22;64;"2014-01-25";1222
115;11;56;"2015-01-25";1223
311;76;71;"2016-01-25";1224
115;59;69;"2016-01-25";1225
376;59;89;"2015-08-25";1226
115;66;88;"2017-01-25";1227
311;67;37;"2017-01-25";1228
116;63;58;"2017-01-25";1229
311;45;69;"2017-08-25";1230
311;35;69;"2017-01-25";1231
376;17;81;"2014-08-25";1232
312;29;65;"2015-01-25";1233
221;16;58;"2017-01-25";1234
116;52;50;"2014-01-25";1235
312;69;66;"2017-01-25";1236
376;2;37;"2017-01-25";1237
312;6;89;"2017-01-25";1238
116;33;54;"2016-01-25";1239
222;29;90;"2017-01-25";1240
116;53;71;"2016-01-25";1241
377;68;56;"2014-01-25";1242
312;38;42;"2017-08-25";1243
117;76;82;"2014-08-25";1244
313;24;54;"2015-08-25";1245
117;67;81;"2015-08-25";1246
313;16;52;"2016-01-25";1247
117;72;53;"2017-08-25";1248
313;19;49;"2016-01-25";1249
117;32;54;"2015-01-25";1250
117;44;40;"2017-01-25";1251
118;9;81;"2017-01-25";1252
118;57;36;"2015-01-25";1253
222;75;56;"2017-08-25";1254
313;68;50;"2017-08-25";1255
118;23;66;"2016-01-25";1256
222;35;57;"2016-08-25";1257
314;70;45;"2016-08-25";1258
119;35;36;"2016-01-25";1259
314;29;86;"2015-01-25";1260
119;52;44;"2014-01-25";1261
314;32;64;"2017-01-25";1262
223;33;43;"2016-01-25";1263
119;19;88;"2017-01-25";1264
315;69;58;"2014-01-25";1265
120;9;73;"2017-08-25";1266
315;70;54;"2016-01-25";1267
223;32;39;"2015-01-25";1268
377;18;70;"2016-01-25";1269
120;23;57;"2017-01-25";1270
223;61;73;"2017-01-25";1271
377;59;42;"2016-08-25";1272
120;59;90;"2017-01-25";1273
120;71;40;"2015-01-25";1274
120;38;71;"2017-01-25";1275
377;61;81;"2017-08-25";1276
121;48;84;"2016-01-25";1277
121;21;38;"2016-01-25";1278
378;13;37;"2017-08-25";1279
378;46;88;"2015-08-25";1280
121;68;49;"2016-08-25";1281
122;23;44;"2017-08-25";1282
122;26;64;"2016-01-25";1283
122;12;72;"2016-01-25";1284
122;54;67;"2016-01-25";1285
123;6;69;"2015-01-25";1286
123;7;55;"2017-01-25";1287
123;66;39;"2014-01-25";1288
315;21;65;"2017-01-25";1289
123;33;89;"2016-01-25";1290
315;56;53;"2015-01-25";1291
124;69;70;"2015-08-25";1292
316;45;53;"2017-08-25";1293
124;75;40;"2017-01-25";1294
316;68;36;"2016-01-25";1295
124;43;83;"2017-01-25";1296
316;71;38;"2016-01-25";1297
124;37;87;"2015-01-25";1298
316;56;87;"2015-08-25";1299
125;29;86;"2016-01-25";1300
317;17;53;"2015-01-25";1301
317;30;49;"2017-01-25";1302
317;13;73;"2017-08-25";1303
317;70;36;"2017-01-25";1304
125;71;84;"2014-01-25";1305
318;33;39;"2015-01-25";1306
318;42;86;"2017-01-25";1307
125;16;58;"2017-01-25";1308
318;24;87;"2016-08-25";1309
125;1;54;"2016-08-25";1310
223;63;84;"2016-01-25";1311
318;43;86;"2014-01-25";1312
125;46;86;"2017-08-25";1313
318;61;81;"2015-01-25";1314
126;8;39;"2017-08-25";1315
319;57;37;"2016-01-25";1316
126;39;44;"2017-01-25";1317
224;41;87;"2017-08-25";1318
319;42;52;"2017-01-25";1319
224;44;73;"2017-01-25";1320
319;73;53;"2016-01-25";1321
319;63;38;"2015-01-25";1322
378;25;90;"2017-08-25";1323
320;66;57;"2017-01-25";1324
320;25;51;"2017-08-25";1325
378;59;58;"2017-01-25";1326
224;29;88;"2015-01-25";1327
320;18;84;"2017-01-25";1328
379;67;87;"2015-01-25";1329
224;4;44;"2016-08-25";1330
379;76;64;"2017-01-25";1331
225;26;65;"2017-08-25";1332
379;4;68;"2017-01-25";1333
225;42;88;"2017-08-25";1334
126;60;58;"2016-01-25";1335
379;53;89;"2016-01-25";1336
126;12;90;"2016-01-25";1337
320;74;85;"2015-01-25";1338
380;48;65;"2017-01-25";1339
321;5;43;"2017-08-25";1340
321;64;55;"2014-08-25";1341
321;9;42;"2015-08-25";1342
321;60;36;"2017-08-25";1343
225;69;89;"2017-01-25";1344
322;41;54;"2016-01-25";1345
322;62;41;"2017-01-25";1346
127;34;51;"2015-01-25";1347
127;52;43;"2017-01-25";1348
322;55;64;"2017-01-25";1349
225;45;72;"2014-01-25";1350
380;76;38;"2016-08-25";1351
127;54;86;"2017-01-25";1352
127;70;42;"2015-08-25";1353
128;21;53;"2015-01-25";1354
322;22;73;"2017-08-25";1355
380;6;68;"2017-08-25";1356
128;76;38;"2016-01-25";1357
128;22;73;"2016-01-25";1358
128;2;90;"2014-01-25";1359
322;11;41;"2016-08-25";1360
380;33;43;"2017-01-25";1361
323;27;83;"2015-08-25";1362
226;47;56;"2016-01-25";1363
129;38;84;"2017-01-25";1364
323;44;86;"2017-08-25";1365
129;11;64;"2017-01-25";1366
323;35;68;"2017-08-25";1367
226;28;84;"2014-08-25";1368
129;32;44;"2015-01-25";1369
323;43;44;"2016-08-25";1370
130;23;73;"2017-01-25";1371
324;23;49;"2017-08-25";1372
130;26;64;"2017-08-25";1373
324;33;44;"2015-08-25";1374
226;52;58;"2017-01-25";1375
381;48;43;"2016-01-25";1376
130;59;87;"2017-08-25";1377
324;26;40;"2017-08-25";1378
324;42;64;"2016-01-25";1379
226;74;89;"2017-01-25";1380
381;76;57;"2015-01-25";1381
325;28;53;"2015-01-25";1382
227;51;83;"2015-01-25";1383
381;28;66;"2015-08-25";1384
325;1;54;"2015-01-25";1385
325;53;73;"2017-01-25";1386
381;26;41;"2016-01-25";1387
130;66;42;"2014-08-25";1388
131;57;81;"2016-01-25";1389
325;59;88;"2017-01-25";1390
382;3;81;"2017-01-25";1391
227;2;73;"2015-08-25";1392
382;24;67;"2017-01-25";1393
227;29;73;"2014-01-25";1394
382;75;81;"2017-08-25";1395
326;71;37;"2016-08-25";1396
131;23;53;"2016-01-25";1397
227;21;52;"2016-01-25";1398
326;70;54;"2017-01-25";1399
382;18;53;"2017-08-25";1400
131;21;65;"2014-01-25";1401
228;76;52;"2016-01-25";1402
383;60;57;"2016-08-25";1403
131;22;81;"2017-01-25";1404
228;67;68;"2017-08-25";1405
383;20;55;"2017-01-25";1406
132;10;71;"2017-01-25";1407
132;24;39;"2015-08-25";1408
326;38;66;"2014-01-25";1409
228;57;90;"2015-01-25";1410
383;48;40;"2017-01-25";1411
132;68;57;"2015-01-25";1412
326;23;40;"2017-08-25";1413
132;3;82;"2016-01-25";1414
326;28;54;"2017-01-25";1415
133;57;56;"2016-01-25";1416
228;62;88;"2015-01-25";1417
133;33;88;"2017-01-25";1418
133;39;38;"2017-01-25";1419
133;46;38;"2015-01-25";1420
229;76;82;"2017-01-25";1421
134;59;64;"2015-01-25";1422
327;74;83;"2015-01-25";1423
327;64;56;"2015-01-25";1424
229;21;52;"2017-01-25";1425
134;61;84;"2016-01-25";1426
327;20;38;"2017-01-25";1427
327;28;68;"2015-01-25";1428
383;6;69;"2016-01-25";1429
134;42;67;"2016-01-25";1430
229;29;73;"2014-01-25";1431
328;33;55;"2014-08-25";1432
384;32;42;"2015-01-25";1433
134;52;57;"2016-08-25";1434
328;23;58;"2016-08-25";1435
384;26;44;"2017-01-25";1436
134;33;57;"2017-08-25";1437
328;7;87;"2016-01-25";1438
229;74;44;"2016-08-25";1439
384;61;57;"2017-08-25";1440
135;70;86;"2016-01-25";1441
328;73;41;"2017-08-25";1442
230;21;82;"2015-01-25";1443
384;17;83;"2015-08-25";1444
135;75;70;"2017-01-25";1445
329;10;45;"2017-08-25";1446
230;76;66;"2017-01-25";1447
135;40;88;"2015-01-25";1448
230;37;39;"2017-01-25";1449
135;9;36;"2017-01-25";1450
230;71;67;"2017-08-25";1451
329;3;86;"2016-01-25";1452
136;53;51;"2015-01-25";1453
231;21;73;"2016-08-25";1454
136;51;85;"2016-01-25";1455
329;69;38;"2017-01-25";1456
231;67;39;"2015-08-25";1457
136;47;88;"2016-01-25";1458
329;47;45;"2015-01-25";1459
231;9;84;"2014-08-25";1460
329;75;72;"2016-01-25";1461
231;32;40;"2015-01-25";1462
232;33;69;"2017-01-25";1463
136;33;43;"2014-01-25";1464
330;76;83;"2017-01-25";1465
137;8;39;"2017-01-25";1466
330;67;41;"2017-01-25";1467
232;57;90;"2016-01-25";1468
330;45;42;"2016-01-25";1469
232;26;71;"2014-01-25";1470
331;1;65;"2015-08-25";1471
384;15;40;"2016-01-25";1472
331;28;66;"2017-01-25";1473
385;50;49;"2017-01-25";1474
331;24;58;"2017-01-25";1475
385;19;65;"2017-01-25";1476
232;36;43;"2017-08-25";1477
331;51;53;"2015-01-25";1478
233;15;90;"2016-01-25";1479
233;30;57;"2017-01-25";1480
137;15;71;"2017-01-25";1481
233;32;66;"2015-01-25";1482
233;1;44;"2017-01-25";1483
234;64;64;"2014-01-25";1484
137;25;57;"2017-01-25";1485
234;5;45;"2016-01-25";1486
138;48;85;"2017-08-25";1487
234;32;43;"2017-01-25";1488
138;76;88;"2015-08-25";1489
138;62;38;"2017-08-25";1490
234;38;71;"2017-01-25";1491
235;32;71;"2016-01-25";1492
235;42;89;"2014-01-25";1493
235;60;67;"2016-01-25";1494
235;47;90;"2015-01-25";1495
236;76;45;"2017-08-25";1496
426;66;87;"2014-01-25";1497
138;71;68;"2016-01-25";1498
236;21;58;"2017-01-25";1499
426;5;43;"2015-08-25";1500
139;2;56;"2016-01-25";1501
426;32;38;"2015-01-25";1502
139;30;84;"2015-01-25";1503
236;37;66;"2017-01-25";1504
236;52;66;"2017-01-25";1505
139;48;69;"2017-01-25";1506
426;30;90;"2017-01-25";1507
237;11;69;"2016-01-25";1508
140;26;82;"2017-01-25";1509
426;25;86;"2017-01-25";1510
385;11;38;"2016-01-25";1511
237;6;52;"2014-01-25";1512
140;23;81;"2014-01-25";1513
427;28;69;"2015-01-25";1514
385;13;53;"2015-01-25";1515
140;34;51;"2014-01-25";1516
427;50;64;"2015-01-25";1517
237;29;53;"2017-08-25";1518
140;70;55;"2016-08-25";1519
427;41;51;"2017-08-25";1520
386;39;49;"2017-08-25";1521
237;18;36;"2015-01-25";1522
141;73;37;"2016-01-25";1523
386;17;81;"2017-08-25";1524
427;19;36;"2014-08-25";1525
238;21;39;"2017-01-25";1526
141;65;68;"2015-01-25";1527
386;37;57;"2016-01-25";1528
428;38;42;"2017-08-25";1529
238;48;83;"2016-01-25";1530
386;11;42;"2017-01-25";1531
428;3;58;"2017-08-25";1532
238;56;87;"2015-01-25";1533
141;34;41;"2017-01-25";1534
387;8;71;"2014-01-25";1535
142;19;69;"2017-01-25";1536
387;51;57;"2014-08-25";1537
142;46;85;"2017-08-25";1538
387;46;52;"2017-01-25";1539
142;9;82;"2016-01-25";1540
387;61;45;"2016-01-25";1541
428;16;69;"2016-08-25";1542
388;29;41;"2017-01-25";1543
428;59;90;"2015-08-25";1544
142;38;67;"2014-01-25";1545
388;75;82;"2016-01-25";1546
429;53;81;"2017-08-25";1547
143;66;67;"2016-01-25";1548
143;25;84;"2015-01-25";1549
429;2;55;"2016-08-25";1550
143;28;69;"2017-01-25";1551
388;14;45;"2015-08-25";1552
429;58;54;"2016-08-25";1553
144;7;68;"2017-01-25";1554
388;70;73;"2017-08-25";1555
429;63;52;"2016-01-25";1556
144;52;37;"2017-08-25";1557
389;41;81;"2017-08-25";1558
144;33;55;"2016-01-25";1559
389;27;68;"2016-01-25";1560
389;68;90;"2015-01-25";1561
238;20;53;"2017-01-25";1562
389;63;43;"2017-01-25";1563
239;26;57;"2016-01-25";1564
390;75;40;"2017-01-25";1565
390;29;53;"2016-08-25";1566
390;65;50;"2015-08-25";1567
430;47;82;"2016-01-25";1568
390;53;70;"2017-01-25";1569
430;19;82;"2017-01-25";1570
430;43;82;"2015-08-25";1571
391;31;38;"2014-01-25";1572
430;35;56;"2017-08-25";1573
391;44;49;"2016-01-25";1574
430;9;52;"2015-08-25";1575
391;15;50;"2017-08-25";1576
431;75;86;"2017-08-25";1577
391;32;38;"2015-01-25";1578
431;69;51;"2014-08-25";1579
392;53;64;"2017-01-25";1580
431;41;72;"2017-01-25";1581
392;51;81;"2016-01-25";1582
392;36;90;"2016-08-25";1583
431;24;67;"2015-01-25";1584
392;45;88;"2015-01-25";1585
432;30;37;"2017-01-25";1586
393;47;43;"2017-01-25";1587
432;12;90;"2016-01-25";1588
393;19;43;"2015-01-25";1589
432;14;82;"2017-08-25";1590
393;25;84;"2016-01-25";1591
22;48;53;"";1592
432;1;72;"2015-08-25";1593
22;67;51;"";1594
433;46;51;"2016-08-25";1595
22;42;73;"";1596
433;28;88;"2016-08-25";1597
393;57;89;"2015-01-25";1598
433;66;58;"2017-01-25";1599
433;62;36;"2015-01-25";1600
23;71;73;"";1601
434;9;44;"2017-01-25";1602
23;70;45;"";1603
394;56;69;"2017-08-25";1604
434;42;58;"2017-01-25";1605
23;43;66;"";1606
394;31;40;"2017-08-25";1607
23;48;58;"";1608
394;1;36;"2017-08-25";1609
24;41;36;"";1610
394;16;68;"2016-08-25";1611
395;53;49;"2017-08-25";1612
24;40;85;"";1613
395;39;50;"2016-01-25";1614
24;32;70;"";1615
395;32;83;"2014-01-25";1616
24;28;64;"";1617
395;30;37;"2017-01-25";1618
25;30;66;"";1619
396;64;53;"2017-01-25";1620
25;51;45;"";1621
125;71;84;"";1622
25;73;68;"";1623
25;43;72;"";1624
396;58;66;"2017-08-25";1625
26;9;36;"";1626
396;61;88;"2015-01-25";1627
26;57;38;"";1628
396;59;37;"2017-01-25";1629
125;16;58;"";1630
434;13;52;"2017-08-25";1631
26;21;83;"";1632
397;9;84;"2015-01-25";1633
125;1;54;"";1634
434;62;89;"2017-08-25";1635
26;75;70;"";1636
397;26;52;"2017-08-25";1637
27;71;51;"";1638
27;69;85;"";1639
125;46;86;"";1640
27;73;44;"";1641
126;8;39;"";1642
27;8;50;"";1643
126;39;44;"";1644
27;37;52;"";1645
126;60;58;"";1646
28;67;39;"";1647
126;12;90;"";1648
28;76;73;"";1649
127;34;51;"";1650
28;1;70;"";1651
127;52;43;"";1652
28;53;83;"";1653
127;54;86;"";1654
29;67;67;"";1655
127;70;42;"";1656
29;76;41;"";1657
128;21;53;"";1658
29;44;81;"";1659
128;76;38;"";1660
29;59;51;"";1661
397;11;85;"2016-08-25";1662
128;22;73;"";1663
29;2;55;"";1664
128;2;90;"";1665
30;75;70;"";1666
30;71;72;"";1667
129;38;84;"";1668
30;39;69;"";1669
129;11;64;"";1670
30;24;71;"";1671
129;32;44;"";1672
31;43;70;"";1673
397;48;56;"2017-08-25";1674
130;23;73;"";1675
31;50;57;"";1676
398;68;88;"2016-01-25";1677
31;75;70;"";1678
130;26;64;"";1679
398;40;58;"2017-01-25";1680
31;30;83;"";1681
130;59;87;"";1682
398;6;44;"2017-01-25";1683
435;24;89;"2017-08-25";1684
32;63;44;"";1685
130;66;42;"";1686
32;16;82;"";1687
435;35;36;"2017-01-25";1688
131;57;81;"";1689
398;29;40;"2015-01-25";1690
32;69;50;"";1691
435;56;90;"2014-01-25";1692
131;23;53;"";1693
399;20;81;"2017-08-25";1694
33;34;71;"";1695
435;70;84;"2017-01-25";1696
131;21;65;"";1697
33;11;36;"";1698
436;48;45;"2015-01-25";1699
131;22;81;"";1700
33;6;43;"";1701
436;21;86;"2017-01-25";1702
132;10;71;"";1703
33;62;51;"";1704
132;24;39;"";1705
34;19;53;"";1706
132;68;57;"";1707
34;1;65;"";1708
132;3;82;"";1709
34;31;43;"";1710
399;5;86;"2017-01-25";1711
133;57;56;"";1712
34;66;68;"";1713
399;12;40;"2016-01-25";1714
133;33;88;"";1715
35;57;43;"";1716
399;21;53;"2017-01-25";1717
35;42;50;"";1718
400;5;65;"2017-01-25";1719
35;28;88;"";1720
400;61;65;"2017-08-25";1721
35;32;37;"";1722
436;60;88;"2016-08-25";1723
400;25;72;"2016-01-25";1724
36;4;89;"";1725
436;2;72;"2015-08-25";1726
400;43;52;"2017-01-25";1727
36;65;52;"";1728
437;50;83;"2014-08-25";1729
36;37;83;"";1730
437;1;89;"2017-08-25";1731
133;39;38;"";1732
401;57;40;"2014-08-25";1733
437;5;38;"2017-08-25";1734
133;46;38;"";1735
437;47;38;"2017-01-25";1736
134;59;64;"";1737
438;45;52;"2016-01-25";1738
134;61;84;"";1739
438;14;49;"2016-01-25";1740
134;42;67;"";1741
438;67;71;"2015-01-25";1742
134;52;57;"";1743
438;63;86;"2016-08-25";1744
401;23;83;"2017-08-25";1745
439;66;44;"2016-08-25";1746
401;32;50;"2015-08-25";1747
439;22;42;"2016-08-25";1748
401;35;72;"2015-01-25";1749
439;21;57;"2015-08-25";1750
402;17;71;"2017-01-25";1751
440;69;72;"2015-08-25";1752
134;33;57;"";1753
402;12;72;"2017-01-25";1754
440;70;84;"2017-08-25";1755
135;70;86;"";1756
440;55;65;"2017-01-25";1757
440;72;72;"2016-01-25";1758
135;75;70;"";1759
36;51;45;"";1760
441;76;57;"2017-01-25";1761
135;40;88;"";1762
441;48;52;"2017-01-25";1763
135;9;36;"";1764
441;25;85;"2016-08-25";1765
136;53;51;"";1766
441;70;49;"2014-08-25";1767
136;51;85;"";1768
402;10;70;"2015-01-25";1769
442;9;66;"2017-08-25";1770
136;47;88;"";1771
402;31;90;"2017-01-25";1772
37;22;84;"";1773
442;26;38;"2017-01-25";1774
136;33;43;"";1775
37;20;51;"";1776
442;72;64;"2017-01-25";1777
137;8;39;"";1778
37;13;49;"";1779
442;27;44;"2017-08-25";1780
137;15;71;"";1781
37;7;41;"";1782
137;25;57;"";1783
38;71;57;"";1784
138;48;85;"";1785
38;69;81;"";1786
138;76;88;"";1787
38;61;45;"";1788
138;62;38;"";1789
38;24;64;"";1790
138;71;68;"";1791
39;17;50;"";1792
403;32;68;"2014-01-25";1793
39;53;54;"";1794
403;23;81;"2017-08-25";1795
39;9;83;"";1796
403;70;82;"2016-08-25";1797
39;45;69;"";1798
403;44;72;"2017-01-25";1799
40;3;38;"";1800
40;37;40;"";1801
443;76;40;"2017-01-25";1802
40;19;86;"";1803
403;14;82;"2017-01-25";1804
443;21;66;"2017-01-25";1805
40;16;51;"";1806
404;18;43;"2016-01-25";1807
443;50;52;"2016-08-25";1808
41;21;56;"";1809
41;48;45;"";1810
444;59;69;"2015-01-25";1811
404;65;88;"2015-08-25";1812
41;62;50;"";1813
444;58;68;"2017-01-25";1814
404;17;41;"2015-01-25";1815
444;23;83;"2015-08-25";1816
41;23;65;"";1817
404;41;44;"2017-01-25";1818
42;76;69;"";1819
405;62;83;"2017-01-25";1820
42;21;57;"";1821
405;45;42;"2017-01-25";1822
42;58;51;"";1823
405;43;72;"2017-08-25";1824
139;2;56;"";1825
42;23;69;"";1826
405;26;86;"2015-01-25";1827
139;30;84;"";1828
43;67;68;"";1829
139;48;69;"";1830
43;48;88;"";1831
140;26;82;"";1832
43;9;85;"";1833
140;23;81;"";1834
406;11;57;"2017-01-25";1835
43;19;84;"";1836
140;34;51;"";1837
43;27;57;"";1838
444;20;39;"2016-01-25";1839
406;10;38;"2016-01-25";1840
44;50;86;"";1841
445;48;85;"2017-01-25";1842
406;56;56;"2017-01-25";1843
44;43;68;"";1844
406;51;86;"2015-01-25";1845
44;59;73;"";1846
140;70;55;"";1847
407;2;51;"2016-08-25";1848
44;66;85;"";1849
141;73;37;"";1850
407;51;88;"2017-08-25";1851
45;67;56;"";1852
141;65;68;"";1853
45;21;41;"";1854
141;34;41;"";1855
45;30;86;"";1856
142;19;69;"";1857
45;3;44;"";1858
142;46;85;"";1859
46;74;70;"";1860
142;9;82;"";1861
46;20;88;"";1862
142;38;67;"";1863
46;44;67;"";1864
143;66;67;"";1865
47;41;50;"";1866
445;67;82;"2017-08-25";1867
143;25;84;"";1868
47;36;42;"";1869
445;14;44;"2017-01-25";1870
143;28;69;"";1871
445;18;82;"2017-08-25";1872
47;54;72;"";1873
144;7;68;"";1874
47;38;68;"";1875
144;52;37;"";1876
48;66;54;"";1877
144;33;55;"";1878
48;22;85;"";1879
144;29;43;"";1880
48;17;71;"";1881
144;64;71;"";1882
48;74;89;"";1883
145;71;70;"";1884
49;76;65;"";1885
145;69;81;"";1886
49;48;49;"";1887
145;48;64;"";1888
49;70;67;"";1889
145;65;66;"";1890
49;50;82;"";1891
146;41;64;"";1892
50;11;53;"";1893
146;36;69;"";1894
50;10;56;"";1895
146;70;43;"";1896
50;56;90;"";1897
146;44;65;"";1898
50;40;67;"";1899
407;15;55;"2017-08-25";1900
147;44;68;"";1901
51;29;82;"";1902
147;45;41;"";1903
51;75;39;"";1904
407;74;45;"2017-01-25";1905
147;16;84;"";1906
51;25;65;"";1907
446;67;82;"2016-08-25";1908
147;59;52;"";1909
446;48;39;"2017-08-25";1910
147;73;67;"";1911
446;6;84;"2017-08-25";1912
148;7;55;"";1913
446;34;54;"2015-08-25";1914
148;35;81;"";1915
408;30;55;"2017-01-25";1916
447;29;56;"2014-01-25";1917
148;68;42;"";1918
408;53;66;"2015-01-25";1919
447;70;84;"2014-08-25";1920
148;51;70;"";1921
408;29;86;"2016-01-25";1922
447;57;82;"2015-01-25";1923
148;69;45;"";1924
448;21;53;"2017-08-25";1925
149;10;54;"";1926
408;51;58;"2016-01-25";1927
448;67;58;"2017-08-25";1928
149;16;73;"";1929
408;46;49;"2017-01-25";1930
448;10;53;"2014-08-25";1931
149;7;44;"";1932
409;30;69;"2017-08-25";1933
448;44;82;"2015-01-25";1934
409;51;72;"2017-08-25";1935
149;34;69;"";1936
51;24;65;"";1937
150;23;87;"";1938
52;53;38;"";1939
449;42;89;"2016-08-25";1940
150;26;70;"";1941
52;8;53;"";1942
449;33;51;"2017-08-25";1943
150;29;52;"";1944
52;51;39;"";1945
449;70;57;"2017-08-25";1946
150;35;56;"";1947
409;19;37;"2017-01-25";1948
151;65;45;"";1949
409;25;51;"2015-01-25";1950
151;73;52;"";1951
52;52;52;"";1952
151;33;43;"";1953
151;2;53;"";1954
53;57;58;"";1955
449;26;49;"2016-08-25";1956
152;54;89;"";1957
450;17;88;"2014-08-25";1958
152;61;40;"";1959
450;15;69;"2017-08-25";1960
450;7;88;"2017-08-25";1961
152;5;55;"";1962
450;69;72;"2017-01-25";1963
152;15;42;"";1964
451;75;87;"2017-01-25";1965
153;51;70;"";1966
451;71;68;"2016-01-25";1967
153;15;43;"";1968
451;36;55;"2017-01-25";1969
153;56;54;"";1970
451;57;52;"2017-01-25";1971
153;4;67;"";1972
452;15;81;"2017-08-25";1973
452;51;50;"2015-08-25";1974
153;40;36;"";1975
53;9;69;"";1976
452;22;57;"2016-08-25";1977
154;3;90;"";1978
53;12;81;"";1979
452;30;45;"2017-08-25";1980
154;35;51;"";1981
54;70;73;"";1982
453;76;87;"2015-01-25";1983
154;28;36;"";1984
54;69;53;"";1985
154;63;83;"";1986
54;8;51;"";1987
54;4;66;"";1988
155;27;53;"";1989
410;30;58;"2014-01-25";1990
55;76;89;"";1991
155;62;72;"";1992
410;2;37;"2017-08-25";1993
453;67;52;"2016-01-25";1994
155;6;70;"";1995
410;15;39;"2017-01-25";1996
453;63;54;"2017-08-25";1997
410;17;43;"2017-01-25";1998
453;73;44;"2016-08-25";1999
454;62;56;"2015-08-25";2000
454;18;55;"2017-01-25";2001
454;42;50;"2015-01-25";2002
155;63;58;"";2003
454;47;89;"2014-08-25";2004
411;48;40;"2017-08-25";2005
55;21;50;"";2006
455;10;73;"2016-08-25";2007
156;68;55;"";2008
411;67;44;"2016-08-25";2009
55;7;90;"";2010
455;38;83;"2017-08-25";2011
411;66;67;"2017-08-25";2012
156;44;56;"";2013
55;31;64;"";2014
455;40;84;"2017-08-25";2015
411;58;53;"2015-01-25";2016
156;57;49;"";2017
56;19;39;"";2018
412;67;70;"2017-01-25";2019
56;13;81;"";2020
412;76;36;"2016-01-25";2021
56;36;39;"";2022
455;73;56;"2017-01-25";2023
412;22;65;"2015-01-25";2024
56;9;67;"";2025
456;70;51;"2016-01-25";2026
412;36;88;"2017-01-25";2027
456;75;57;"2014-01-25";2028
413;46;81;"2017-08-25";2029
456;21;55;"2017-01-25";2030
413;19;39;"2014-08-25";2031
456;4;66;"2017-01-25";2032
413;16;83;"2017-08-25";2033
156;8;49;"";2034
157;41;70;"";2035
57;18;49;"";2036
157;65;66;"";2037
414;49;89;"2017-01-25";2038
57;73;45;"";2039
157;62;38;"";2040
414;14;38;"2017-01-25";2041
457;11;54;"2015-01-25";2042
57;55;54;"";2043
157;73;69;"";2044
414;58;89;"2017-01-25";2045
457;52;72;"2016-01-25";2046
57;51;42;"";2047
158;57;88;"";2048
58;42;64;"";2049
414;67;42;"2015-01-25";2050
58;9;42;"";2051
415;8;85;"2017-08-25";2052
58;39;87;"";2053
415;51;71;"2017-08-25";2054
58;40;40;"";2055
415;49;71;"2016-08-25";2056
59;36;69;"";2057
415;56;40;"2017-01-25";2058
59;62;49;"";2059
416;54;53;"2017-01-25";2060
59;63;44;"";2061
416;64;68;"2016-01-25";2062
59;46;66;"";2063
158;26;69;"";2064
60;6;71;"";2065
158;27;43;"";2066
416;6;57;"2015-01-25";2067
60;24;81;"";2068
158;5;86;"";2069
60;7;81;"";2070
159;48;44;"";2071
60;39;64;"";2072
159;21;58;"";2073
61;50;53;"";2074
159;29;86;"";2075
61;1;71;"";2076
159;34;51;"";2077
416;49;58;"2017-01-25";2078
61;69;58;"";2079
417;43;66;"2017-01-25";2080
457;2;37;"2017-08-25";2081
61;57;55;"";2082
417;28;57;"2015-08-25";2083
62;12;68;"";2084
457;5;44;"2016-08-25";2085
417;67;40;"2016-01-25";2086
62;2;86;"";2087
417;44;70;"2014-01-25";2088
62;36;72;"";2089
418;59;57;"2017-08-25";2090
62;1;73;"";2091
458;69;40;"2015-08-25";2092
458;70;88;"2016-01-25";2093
418;25;44;"2015-01-25";2094
458;14;89;"2017-01-25";2095
418;33;51;"2017-01-25";2096
458;49;64;"2015-01-25";2097
418;37;65;"2017-01-25";2098
459;26;54;"2017-01-25";2099
160;52;65;"";2100
459;42;41;"2016-01-25";2101
160;16;41;"";2102
459;27;39;"2016-01-25";2103
419;9;38;"2015-01-25";2104
160;36;67;"";2105
460;55;85;"2017-01-25";2106
419;23;57;"2017-08-25";2107
460;54;44;"2015-01-25";2108
160;72;43;"";2109
419;74;71;"2016-08-25";2110
460;9;37;"2017-01-25";2111
161;27;54;"";2112
419;66;38;"2017-08-25";2113
460;2;58;"2017-08-25";2114
161;73;38;"";2115
420;34;85;"2015-08-25";2116
63;40;68;"";2117
460;10;89;"2017-08-25";2118
420;11;51;"2014-08-25";2119
461;29;86;"2016-08-25";2120
63;65;81;"";2121
420;50;44;"2017-01-25";2122
461;75;43;"2017-08-25";2123
421;32;58;"2017-01-25";2124
461;41;66;"2017-08-25";2125
421;9;40;"2016-01-25";2126
161;15;82;"";2127
421;38;68;"2016-01-25";2128
161;2;49;"";2129
461;13;45;"2017-01-25";2130
421;39;43;"2015-01-25";2131
462;49;81;"2016-01-25";2132
462;65;64;"2016-01-25";2133
422;51;68;"2016-08-25";2134
462;23;36;"2017-08-25";2135
422;12;38;"2017-08-25";2136
63;44;56;"";2137
162;1;82;"";2138
462;28;70;"2014-08-25";2139
422;55;83;"2017-08-25";2140
64;70;66;"";2141
162;46;56;"";2142
463;20;65;"2016-08-25";2143
64;71;41;"";2144
162;55;44;"";2145
463;58;44;"2017-01-25";2146
64;10;38;"";2147
422;14;55;"2017-01-25";2148
162;53;82;"";2149
64;50;38;"";2150
463;53;88;"2015-01-25";2151
422;20;88;"2017-01-25";2152
163;76;67;"";2153
65;9;37;"";2154
463;71;40;"2017-01-25";2155
423;71;73;"2017-01-25";2156
65;26;49;"";2157
423;29;84;"2015-01-25";2158
65;45;90;"";2159
423;38;43;"2016-08-25";2160
65;72;67;"";2161
423;60;89;"2016-01-25";2162
424;73;64;"2016-01-25";2163
66;42;36;"";2164
66;23;40;"";2165
66;25;43;"";2166
67;72;70;"";2167
67;5;68;"";2168
464;34;67;"2014-01-25";2169
424;45;82;"2016-08-25";2170
67;36;45;"";2171
464;11;70;"2016-01-25";2172
424;50;44;"2017-08-25";2173
67;31;68;"";2174
464;59;69;"2015-08-25";2175
424;34;53;"2017-01-25";2176
68;55;37;"";2177
464;74;57;"2017-08-25";2178
163;48;71;"";2179
425;10;70;"2015-01-25";2180
68;64;40;"";2181
465;27;55;"2017-01-25";2182
163;33;52;"";2183
68;1;83;"";2184
465;14;50;"2016-08-25";2185
163;25;84;"";2186
465;47;66;"2015-01-25";2187
164;31;40;"";2188
465;24;53;"2016-01-25";2189
164;4;72;"";2190
68;42;45;"";2191
466;45;52;"2016-01-25";2192
164;35;67;"";2193
69;6;56;"";2194
466;73;89;"2016-01-25";2195
164;50;81;"";2196
69;7;84;"";2197
466;13;41;"2016-01-25";2198
165;67;72;"";2199
69;36;72;"";2200
466;24;43;"2016-08-25";2201
165;76;88;"";2202
70;60;42;"";2203
467;76;82;"2015-08-25";2204
425;6;51;"2017-01-25";2205
165;12;40;"";2206
70;25;58;"";2207
467;67;55;"2017-01-25";2208
425;28;42;"2015-01-25";2209
165;44;65;"";2210
70;68;56;"";2211
467;52;44;"2017-01-25";2212
425;56;45;"2017-01-25";2213
166;13;45;"";2214
70;41;85;"";2215
166;43;50;"";2216
166;69;41;"";2217
71;32;66;"";2218
71;33;56;"";2219
71;15;68;"";2220
467;57;45;"2015-01-25";2221
72;35;54;"";2222
468;50;67;"2017-08-25";2223
72;7;67;"";2224
468;43;39;"2016-08-25";2225
72;56;57;"";2226
468;6;85;"2017-08-25";2227
72;36;51;"";2228
468;57;84;"2017-01-25";2229
73;53;49;"";2230
469;60;67;"2014-01-25";2231
73;39;73;"";2232
469;20;54;"2015-01-25";2233
73;72;81;"";2234
166;25;69;"";2235
469;47;54;"2017-01-25";2236
73;56;82;"";2237
167;19;90;"";2238
74;6;52;"";2239
167;1;44;"";2240
74;34;67;"";2241
469;64;55;"2016-01-25";2242
167;53;70;"";2243
470;61;83;"2017-08-25";2244
167;57;44;"";2245
470;55;72;"2014-01-25";2246
74;61;68;"";2247
168;34;51;"";2248
470;40;81;"2015-01-25";2249
168;10;66;"";2250
470;34;39;"2017-01-25";2251
471;46;85;"2017-01-25";2252
471;47;42;"2017-08-25";2253
168;22;39;"";2254
471;12;49;"2016-08-25";2255
168;46;73;"";2256
471;61;55;"2014-01-25";2257
472;8;71;"2015-01-25";2258
169;57;70;"";2259
169;9;72;"";2260
169;28;40;"";2261
472;53;43;"2017-01-25";2262
74;24;82;"";2263
75;23;44;"";2264
472;22;84;"2016-01-25";2265
75;9;71;"";2266
75;27;88;"";2267
75;50;42;"";2268
472;5;52;"2017-08-25";2269
76;39;58;"";2270
170;26;50;"";2271
228;76;52;"";2272
76;17;43;"";2273
170;32;39;"";2274
228;67;68;"";2275
76;37;36;"";2276
170;63;45;"";2277
228;57;90;"";2278
76;22;87;"";2279
171;60;39;"";2280
171;25;49;"";2281
77;1;85;"";2282
77;13;81;"";2283
77;62;67;"";2284
77;20;84;"";2285
171;9;90;"";2286
78;72;65;"";2287
171;39;42;"";2288
78;59;81;"";2289
172;35;53;"";2290
473;28;69;"2017-08-25";2291
172;38;84;"";2292
172;46;73;"";2293
473;13;82;"2016-01-25";2294
173;35;81;"";2295
473;53;55;"2015-01-25";2296
228;62;88;"";2297
473;21;83;"2017-01-25";2298
229;76;82;"";2299
229;21;52;"";2300
474;12;44;"2017-01-25";2301
229;29;73;"";2302
474;30;68;"2016-01-25";2303
173;16;57;"";2304
229;74;44;"";2305
474;13;81;"2014-08-25";2306
173;34;82;"";2307
230;21;82;"";2308
230;76;66;"";2309
230;37;39;"";2310
474;16;72;"2015-08-25";2311
173;42;50;"";2312
475;66;45;"2017-01-25";2313
174;58;37;"";2314
230;71;67;"";2315
475;5;57;"2017-01-25";2316
231;21;73;"";2317
475;25;49;"2016-01-25";2318
174;60;67;"";2319
231;67;39;"";2320
475;34;87;"2014-01-25";2321
174;47;85;"";2322
78;21;87;"";2323
174;10;55;"";2324
78;48;83;"";2325
175;21;86;"";2326
79;1;68;"";2327
175;48;55;"";2328
79;28;83;"";2329
175;12;49;"";2330
175;64;38;"";2331
176;38;44;"";2332
231;9;84;"";2333
176;52;86;"";2334
231;32;40;"";2335
176;60;82;"";2336
232;33;69;"";2337
177;66;40;"";2338
232;57;90;"";2339
232;26;71;"";2340
79;50;88;"";2341
232;36;43;"";2342
79;44;83;"";2343
177;58;51;"";2344
476;3;58;"2017-08-25";2345
233;15;90;"";2346
476;7;50;"2015-01-25";2347
233;30;57;"";2348
476;32;51;"2017-08-25";2349
233;32;66;"";2350
476;37;69;"2016-08-25";2351
233;1;44;"";2352
477;66;86;"2017-08-25";2353
234;64;64;"";2354
477;60;53;"2017-01-25";2355
234;5;45;"";2356
234;32;43;"";2357
234;38;71;"";2358
80;39;41;"";2359
235;32;71;"";2360
80;15;90;"";2361
177;56;73;"";2362
477;53;39;"2017-01-25";2363
177;38;66;"";2364
477;61;57;"2017-01-25";2365
178;48;73;"";2366
478;9;37;"2017-01-25";2367
178;67;84;"";2368
478;23;84;"2016-01-25";2369
178;26;71;"";2370
478;60;53;"2016-08-25";2371
178;54;42;"";2372
478;43;45;"2017-01-25";2373
178;6;56;"";2374
479;34;43;"2015-01-25";2375
179;16;66;"";2376
479;3;49;"2016-01-25";2377
179;38;65;"";2378
80;29;84;"";2379
179;24;55;"";2380
235;42;89;"";2381
80;7;45;"";2382
179;25;64;"";2383
235;60;67;"";2384
81;19;52;"";2385
179;30;58;"";2386
180;68;89;"";2387
81;47;52;"";2388
180;56;72;"";2389
81;37;67;"";2390
180;65;58;"";2391
81;42;68;"";2392
235;47;90;"";2393
236;76;45;"";2394
236;21;58;"";2395
236;37;66;"";2396
82;67;64;"";2397
236;52;66;"";2398
82;21;83;"";2399
237;11;69;"";2400
82;26;65;"";2401
237;6;52;"";2402
82;29;70;"";2403
237;29;53;"";2404
83;76;44;"";2405
237;18;36;"";2406
83;67;83;"";2407
238;21;39;"";2408
83;53;57;"";2409
238;48;83;"";2410
83;13;49;"";2411
238;56;87;"";2412
84;33;58;"";2413
238;20;53;"";2414
84;32;54;"";2415
239;26;57;"";2416
84;49;70;"";2417
239;42;49;"";2418
239;34;41;"";2419
240;70;65;"";2420
240;69;81;"";2421
84;64;72;"";2422
479;24;38;"2015-08-25";2423
240;52;86;"";2424
479;41;55;"2014-08-25";2425
240;75;72;"";2426
241;1;64;"";2427
480;26;49;"2017-01-25";2428
241;13;36;"";2429
480;42;89;"2017-01-25";2430
241;31;73;"";2431
480;9;81;"2015-01-25";2432
85;49;84;"";2433
480;4;70;"2017-01-25";2434
241;33;70;"";2435
85;68;90;"";2436
242;67;58;"";2437
85;53;54;"";2438
242;21;65;"";2439
242;2;38;"";2440
242;18;53;"";2441
85;36;66;"";2442
243;43;50;"";2443
86;7;52;"";2444
243;28;44;"";2445
180;35;73;"";2446
86;34;38;"";2447
243;74;69;"";2448
181;41;40;"";2449
86;40;55;"";2450
243;7;85;"";2451
87;23;51;"";2452
244;8;55;"";2453
87;57;44;"";2454
244;17;42;"";2455
481;67;51;"2017-01-25";2456
244;37;67;"";2457
87;63;57;"";2458
481;21;64;"2017-01-25";2459
244;68;64;"";2460
87;7;88;"";2461
481;52;72;"2015-08-25";2462
245;35;56;"";2463
88;43;55;"";2464
245;34;52;"";2465
88;47;64;"";2466
245;5;85;"";2467
88;41;83;"";2468
181;36;89;"";2469
88;27;65;"";2470
181;59;43;"";2471
89;58;54;"";2472
89;54;69;"";2473
89;69;89;"";2474
89;18;83;"";2475
181;54;86;"";2476
245;11;41;"";2477
182;47;89;"";2478
90;30;85;"";2479
246;4;64;"";2480
90;15;45;"";2481
481;73;56;"2017-01-25";2482
246;73;53;"";2483
90;42;65;"";2484
482;26;38;"2016-01-25";2485
246;27;85;"";2486
90;19;54;"";2487
246;62;45;"";2488
482;32;49;"2017-08-25";2489
91;31;44;"";2490
247;69;54;"";2491
91;62;88;"";2492
247;29;53;"";2493
91;24;36;"";2494
247;35;71;"";2495
91;61;54;"";2496
247;26;40;"";2497
248;1;65;"";2498
248;19;37;"";2499
482;63;54;"2017-08-25";2500
248;50;89;"";2501
182;50;50;"";2502
92;15;38;"";2503
482;7;39;"2016-08-25";2504
248;69;54;"";2505
182;4;90;"";2506
92;39;55;"";2507
183;57;69;"";2508
483;56;71;"2017-08-25";2509
183;9;72;"";2510
92;7;51;"";2511
483;31;67;"2015-01-25";2512
183;70;65;"";2513
93;63;89;"";2514
483;30;64;"2017-01-25";2515
183;48;41;"";2516
93;7;51;"";2517
483;6;70;"2017-01-25";2518
184;50;66;"";2519
483;18;39;"2015-01-25";2520
184;28;42;"";2521
484;27;89;"2017-01-25";2522
484;18;65;"2017-01-25";2523
484;38;45;"2014-01-25";2524
184;37;68;"";2525
249;7;56;"";2526
184;12;89;"";2527
484;54;68;"2016-01-25";2528
249;63;58;"";2529
485;16;85;"2015-08-25";2530
249;35;81;"";2531
485;7;40;"2017-08-25";2532
249;38;54;"";2533
485;58;70;"2017-01-25";2534
250;1;43;"";2535
486;57;84;"2016-01-25";2536
250;50;72;"";2537
486;42;53;"2015-01-25";2538
250;19;39;"";2539
93;59;84;"";2540
250;71;45;"";2541
251;44;65;"";2542
486;18;85;"2017-08-25";2543
185;21;68;"";2544
251;56;87;"";2545
486;72;73;"2017-01-25";2546
94;48;89;"";2547
185;48;85;"";2548
94;67;90;"";2549
487;44;83;"2017-01-25";2550
185;56;38;"";2551
94;18;41;"";2552
487;41;88;"2017-01-25";2553
185;69;90;"";2554
94;66;73;"";2555
487;59;66;"2014-01-25";2556
186;32;66;"";2557
95;45;90;"";2558
186;9;84;"";2559
186;63;65;"";2560
95;40;44;"";2561
487;71;72;"2016-08-25";2562
186;41;45;"";2563
95;74;67;"";2564
488;50;81;"2016-01-25";2565
187;70;41;"";2566
488;47;43;"2016-01-25";2567
488;65;90;"2017-01-25";2568
95;36;82;"";2569
488;19;81;"2017-08-25";2570
187;71;57;"";2571
96;68;49;"";2572
488;59;43;"2016-08-25";2573
187;36;44;"";2574
96;36;67;"";2575
489;1;52;"2017-08-25";2576
187;54;55;"";2577
96;56;85;"";2578
489;28;81;"2017-08-25";2579
188;1;71;"";2580
96;4;72;"";2581
489;67;88;"2017-01-25";2582
97;70;52;"";2583
188;13;58;"";2584
251;69;64;"";2585
489;57;88;"2015-01-25";2586
188;7;70;"";2587
97;69;51;"";2588
251;31;70;"";2589
188;14;64;"";2590
97;19;52;"";2591
252;48;38;"";2592
189;52;65;"";2593
490;33;73;"2014-01-25";2594
97;14;53;"";2595
252;21;49;"";2596
189;16;68;"";2597
98;35;87;"";2598
490;57;57;"2016-01-25";2599
252;9;42;"";2600
490;28;86;"2017-01-25";2601
252;49;38;"";2602
98;6;49;"";2603
490;31;51;"2015-01-25";2604
253;46;67;"";2605
491;58;50;"2016-01-25";2606
253;47;82;"";2607
491;66;73;"2015-01-25";2608
253;8;36;"";2609
491;9;40;"2016-01-25";2610
253;36;90;"";2611
491;53;64;"2016-01-25";2612
253;17;82;"";2613
98;46;86;"";2614
492;21;86;"2017-01-25";2615
254;23;39;"";2616
99;56;82;"";2617
254;32;84;"";2618
99;45;71;"";2619
254;6;55;"";2620
189;39;38;"";2621
99;3;36;"";2622
254;22;83;"";2623
99;43;36;"";2624
255;69;52;"";2625
189;37;67;"";2626
100;50;87;"";2627
190;34;73;"";2628
100;28;83;"";2629
492;76;71;"2017-01-25";2630
100;62;41;"";2631
100;29;89;"";2632
492;26;66;"2015-01-25";2633
100;54;81;"";2634
492;6;37;"2017-01-25";2635
255;70;88;"";2636
493;54;44;"2017-08-25";2637
255;37;88;"";2638
190;38;49;"";2639
255;40;42;"";2640
190;68;84;"";2641
493;66;42;"2016-08-25";2642
190;18;84;"";2643
493;14;81;"2017-08-25";2644
493;63;57;"2015-08-25";2645
494;46;81;"2017-01-25";2646
494;1;43;"2017-08-25";2647
256;7;81;"";2648
494;66;58;"2014-01-25";2649
191;50;83;"";2650
256;16;70;"";2651
495;21;87;"2017-01-25";2652
191;47;57;"";2653
191;7;39;"";2654
256;33;82;"";2655
101;62;56;"";2656
495;48;43;"2015-01-25";2657
256;44;73;"";2658
101;56;50;"";2659
191;1;42;"";2660
101;41;87;"";2661
192;76;72;"";2662
101;18;65;"";2663
102;64;40;"";2664
102;72;89;"";2665
102;49;81;"";2666
192;48;40;"";2667
257;12;56;"";2668
102;68;90;"";2669
257;39;43;"";2670
103;2;57;"";2671
257;64;73;"";2672
257;57;41;"";2673
192;5;71;"";2674
257;54;83;"";2675
103;12;58;"";2676
192;33;65;"";2677
258;30;44;"";2678
103;18;81;"";2679
193;39;45;"";2680
103;19;45;"";2681
193;12;56;"";2682
104;44;66;"";2683
193;46;66;"";2684
104;73;50;"";2685
193;10;56;"";2686
194;65;52;"";2687
258;8;68;"";2688
104;19;41;"";2689
258;73;54;"";2690
104;6;58;"";2691
258;58;42;"";2692
104;26;55;"";2693
194;49;71;"";2694
194;11;85;"";2695
259;26;83;"";2696
259;33;88;"";2697
259;6;50;"";2698
194;4;51;"";2699
105;43;45;"";2700
259;68;37;"";2701
105;19;57;"";2702
495;12;86;"2016-01-25";2703
260;67;67;"";2704
105;32;49;"";2705
260;48;89;"";2706
495;30;83;"2017-08-25";2707
260;35;58;"";2708
496;47;65;"2016-08-25";2709
195;58;44;"";2710
105;64;54;"";2711
260;6;90;"";2712
496;50;87;"2017-01-25";2713
106;50;43;"";2714
261;29;51;"";2715
496;13;71;"2017-01-25";2716
261;69;64;"";2717
496;20;49;"2016-01-25";2718
261;13;67;"";2719
261;7;73;"";2720
195;59;83;"";2721
497;14;57;"2015-01-25";2722
106;47;86;"";2723
497;36;58;"2017-01-25";2724
106;19;56;"";2725
497;34;45;"2017-01-25";2726
195;56;88;"";2727
106;67;87;"";2728
497;75;52;"2015-01-25";2729
195;34;36;"";2730
107;30;53;"";2731
196;9;65;"";2732
107;39;68;"";2733
498;21;43;"2015-08-25";2734
196;32;42;"";2735
107;33;70;"";2736
498;67;49;"2016-01-25";2737
196;1;55;"";2738
107;40;81;"";2739
498;58;56;"2014-01-25";2740
196;72;56;"";2741
262;76;50;"";2742
498;6;67;"2017-01-25";2743
197;48;86;"";2744
262;67;36;"";2745
107;53;82;"";2746
499;25;40;"2015-01-25";2747
262;1;45;"";2748
499;66;87;"2017-08-25";2749
262;27;42;"";2750
108;75;56;"";2751
499;42;51;"2015-08-25";2752
197;21;41;"";2753
263;61;70;"";2754
108;71;68;"";2755
499;44;49;"2014-08-25";2756
263;25;45;"";2757
108;20;71;"";2758
500;75;38;"2015-01-25";2759
263;66;44;"";2760
108;24;56;"";2761
197;70;66;"";2762
109;8;90;"";2763
263;19;44;"";2764
109;39;54;"";2765
500;71;37;"2017-08-25";2766
264;25;37;"";2767
109;23;40;"";2768
264;60;52;"";2769
109;53;42;"";2770
264;52;87;"";2771
110;57;72;"";2772
110;32;66;"";2773
500;63;83;"2016-08-25";2774
264;41;81;"";2775
500;25;39;"2015-08-25";2776
265;50;89;"";2777
1;51;58;"";2778
110;72;51;"";2779
265;19;66;"";2780
110;68;50;"";2781
197;35;89;"";2782
110;51;65;"";2783
198;70;51;"";2784
198;69;39;"";2785
265;18;87;"";2786
111;29;89;"";2787
265;47;38;"";2788
111;70;56;"";2789
266;59;86;"";2790
111;21;38;"";2791
198;32;52;"";2792
1;30;66;"";2793
112;63;89;"";2794
198;23;84;"";2795
1;52;85;"";2796
112;6;40;"";2797
266;66;87;"";2798
1;61;54;"";2799
266;10;54;"";2800
2;41;64;"";2801
199;18;64;"";2802
112;64;72;"";2803
2;44;40;"";2804
199;62;89;"";2805
112;17;65;"";2806
2;63;66;"";2807
199;6;66;"";2808
2;53;58;"";2809
199;31;67;"";2810
113;48;83;"";2811
113;76;54;"";2812
266;31;69;"";2813
200;10;66;"";2814
113;2;67;"";2815
267;39;72;"";2816
200;24;38;"";2817
113;33;39;"";2818
200;59;39;"";2819
114;29;71;"";2820
200;45;36;"";2821
114;71;43;"";2822
201;57;51;"";2823
114;56;64;"";2824
114;30;52;"";2825
201;26;65;"";2826
267;51;90;"";2827
201;30;68;"";2828
201;29;83;"";2829
115;35;82;"";2830
202;15;71;"";2831
267;37;70;"";2832
115;11;56;"";2833
202;17;65;"";2834
115;59;69;"";2835
3;57;53;"";2836
202;72;43;"";2837
3;42;82;"";2838
115;66;88;"";2839
3;46;36;"";2840
116;63;58;"";2841
116;52;50;"";2842
116;33;54;"";2843
116;53;71;"";2844
267;43;85;"";2845
268;57;71;"";2846
117;76;82;"";2847
268;32;69;"";2848
117;67;81;"";2849
4;72;81;"";2850
117;72;53;"";2851
268;30;50;"";2852
117;32;54;"";2853
268;56;52;"";2854
117;44;40;"";2855
268;44;71;"";2856
269;46;66;"";2857
118;9;81;"";2858
269;50;69;"";2859
269;59;64;"";2860
118;57;36;"";2861
269;4;70;"";2862
118;23;66;"";2863
270;70;82;"";2864
119;35;36;"";2865
4;74;50;"";2866
119;52;44;"";2867
4;18;82;"";2868
119;19;88;"";2869
4;58;43;"";2870
202;70;54;"";2871
120;9;73;"";2872
5;44;52;"";2873
203;14;65;"";2874
120;23;57;"";2875
5;4;49;"";2876
203;65;65;"";2877
120;59;90;"";2878
5;45;84;"";2879
203;18;90;"";2880
120;71;40;"";2881
204;29;55;"";2882
5;51;89;"";2883
204;75;57;"";2884
120;38;71;"";2885
6;57;88;"";2886
204;40;67;"";2887
270;75;41;"";2888
121;48;84;"";2889
204;39;39;"";2890
121;21;38;"";2891
205;27;73;"";2892
121;68;49;"";2893
270;11;65;"";2894
122;23;44;"";2895
270;67;51;"";2896
205;36;82;"";2897
122;26;64;"";2898
271;70;51;"";2899
205;33;65;"";2900
271;69;89;"";2901
205;40;65;"";2902
271;48;88;"";2903
122;12;72;"";2904
206;54;81;"";2905
122;54;67;"";2906
206;20;71;"";2907
123;6;69;"";2908
123;7;55;"";2909
206;66;42;"";2910
206;9;64;"";2911
123;66;39;"";2912
207;74;38;"";2913
123;33;89;"";2914
124;69;70;"";2915
124;75;40;"";2916
124;43;83;"";2917
124;37;87;"";2918
271;37;44;"";2919
125;29;86;"";2920
207;60;44;"";2921
272;35;84;"";2922
207;73;85;"";2923
272;6;53;"";2924
272;65;64;"";2925
207;40;50;"";2926
272;51;58;"";2927
273;56;43;"";2928
6;9;40;"";2929
273;41;56;"";2930
328;23;58;"";2931
6;22;87;"";2932
328;7;87;"";2933
6;62;65;"";2934
208;57;49;"";2935
328;73;41;"";2936
7;74;40;"";2937
273;6;81;"";2938
208;26;54;"";2939
7;64;67;"";2940
208;15;86;"";2941
7;42;68;"";2942
273;15;39;"";2943
273;23;38;"";2944
274;44;56;"";2945
274;36;49;"";2946
274;74;88;"";2947
274;53;54;"";2948
7;65;68;"";2949
275;29;72;"";2950
275;70;73;"";2951
208;28;42;"";2952
275;73;66;"";2953
7;18;66;"";2954
209;36;55;"";2955
8;60;70;"";2956
329;10;45;"";2957
209;56;38;"";2958
275;53;44;"";2959
329;3;86;"";2960
276;32;52;"";2961
329;69;38;"";2962
8;72;83;"";2963
276;33;56;"";2964
329;47;45;"";2965
8;9;72;"";2966
276;70;83;"";2967
8;29;84;"";2968
276;17;85;"";2969
9;65;40;"";2970
277;76;87;"";2971
329;75;72;"";2972
9;68;55;"";2973
209;38;37;"";2974
9;33;86;"";2975
9;46;51;"";2976
277;21;88;"";2977
330;76;83;"";2978
10;42;88;"";2979
277;35;57;"";2980
209;75;36;"";2981
330;67;41;"";2982
10;23;49;"";2983
277;27;72;"";2984
210;53;84;"";2985
330;45;42;"";2986
10;74;65;"";2987
278;15;43;"";2988
331;1;65;"";2989
278;17;89;"";2990
331;28;66;"";2991
210;30;72;"";2992
10;67;55;"";2993
331;24;58;"";2994
331;51;53;"";2995
11;61;68;"";2996
331;44;67;"";2997
332;64;58;"";2998
210;49;71;"";2999
332;22;54;"";3000
210;6;69;"";3001
332;32;58;"";3002
11;58;49;"";3003
211;6;71;"";3004
11;24;37;"";3005
332;3;56;"";3006
211;63;36;"";3007
11;38;40;"";3008
211;62;71;"";3009
12;23;81;"";3010
333;76;83;"";3011
212;29;38;"";3012
12;26;38;"";3013
333;48;55;"";3014
212;71;50;"";3015
12;29;89;"";3016
13;58;57;"";3017
212;11;81;"";3018
13;74;89;"";3019
212;50;45;"";3020
213;1;84;"";3021
333;4;71;"";3022
13;12;41;"";3023
333;39;87;"";3024
13;66;82;"";3025
278;43;81;"";3026
334;32;49;"";3027
14;67;87;"";3028
278;32;42;"";3029
334;33;66;"";3030
279;21;86;"";3031
334;70;36;"";3032
279;76;45;"";3033
334;42;90;"";3034
279;68;88;"";3035
335;9;58;"";3036
279;11;90;"";3037
335;23;49;"";3038
280;76;90;"";3039
335;56;50;"";3040
280;48;54;"";3041
335;69;54;"";3042
280;37;67;"";3043
336;49;54;"";3044
336;27;89;"";3045
336;7;44;"";3046
280;39;50;"";3047
336;64;56;"";3048
337;47;37;"";3049
337;19;52;"";3050
281;23;64;"";3051
337;41;81;"";3052
281;57;41;"";3053
338;4;45;"";3054
281;29;86;"";3055
338;14;53;"";3056
213;47;86;"";3057
281;15;89;"";3058
338;55;41;"";3059
281;24;52;"";3060
338;59;82;"";3061
14;21;54;"";3062
282;30;42;"";3063
339;32;66;"";3064
213;73;50;"";3065
282;51;70;"";3066
14;31;41;"";3067
282;1;65;"";3068
14;4;71;"";3069
282;27;58;"";3070
15;32;68;"";3071
213;69;39;"";3072
283;14;84;"";3073
15;33;83;"";3074
283;44;69;"";3075
213;23;52;"";3076
15;62;41;"";3077
283;21;56;"";3078
214;51;66;"";3079
339;26;44;"";3080
15;66;53;"";3081
283;19;51;"";3082
214;30;65;"";3083
339;68;55;"";3084
214;36;53;"";3085
339;47;52;"";3086
16;34;71;"";3087
214;32;53;"";3088
340;11;83;"";3089
16;3;57;"";3090
215;69;82;"";3091
340;52;43;"";3092
16;61;73;"";3093
215;75;39;"";3094
284;29;89;"";3095
340;5;55;"";3096
16;49;68;"";3097
340;56;53;"";3098
17;32;45;"";3099
215;53;43;"";3100
341;26;73;"";3101
17;33;37;"";3102
284;75;81;"";3103
215;60;87;"";3104
341;23;82;"";3105
17;27;50;"";3106
284;41;45;"";3107
216;75;50;"";3108
341;32;40;"";3109
17;13;69;"";3110
284;1;83;"";3111
341;44;52;"";3112
18;17;66;"";3113
285;42;53;"";3114
342;29;86;"";3115
285;32;82;"";3116
342;75;73;"";3117
285;47;65;"";3118
342;68;84;"";3119
342;43;66;"";3120
343;26;83;"";3121
285;19;50;"";3122
343;42;50;"";3123
286;13;71;"";3124
343;22;71;"";3125
18;8;89;"";3126
343;67;49;"";3127
18;19;44;"";3128
344;23;37;"";3129
216;70;55;"";3130
344;32;43;"";3131
286;50;41;"";3132
344;42;85;"";3133
216;20;42;"";3134
286;17;67;"";3135
344;6;86;"";3136
216;15;56;"";3137
18;68;84;"";3138
217;66;50;"";3139
19;19;55;"";3140
217;54;70;"";3141
19;46;89;"";3142
19;6;83;"";3143
19;71;49;"";3144
217;14;71;"";3145
217;33;53;"";3146
218;73;71;"";3147
286;8;38;"";3148
286;63;71;"";3149
287;33;88;"";3150
20;37;87;"";3151
218;49;86;"";3152
20;16;39;"";3153
218;29;50;"";3154
20;72;69;"";3155
219;23;43;"";3156
20;15;38;"";3157
219;32;54;"";3158
21;46;68;"";3159
287;26;36;"";3160
219;1;70;"";3161
21;28;37;"";3162
287;46;88;"";3163
21;23;43;"";3164
287;3;40;"";3165
21;66;44;"";3166
219;42;68;"";3167
288;41;45;"";3168
220;48;71;"";3169
220;67;82;"";3170
288;40;81;"";3171
220;13;82;"";3172
288;49;81;"";3173
220;33;52;"";3174
288;67;49;"";3175
289;63;51;"";3176
221;64;89;"";3177
289;10;70;"";3178
289;59;65;"";3179
429;58;54;"";3180
221;74;70;"";3181
289;73;38;"";3182
429;63;52;"";3183
221;59;65;"";3184
221;16;58;"";3185
430;47;82;"";3186
290;21;83;"";3187
430;19;82;"";3188
290;67;71;"";3189
430;43;82;"";3190
290;8;88;"";3191
430;35;56;"";3192
430;9;52;"";3193
290;12;67;"";3194
291;50;89;"";3195
291;43;73;"";3196
431;75;86;"";3197
291;60;36;"";3198
292;12;89;"";3199
222;29;90;"";3200
431;69;51;"";3201
222;75;56;"";3202
431;41;72;"";3203
222;35;57;"";3204
431;24;67;"";3205
223;33;43;"";3206
432;30;37;"";3207
432;12;90;"";3208
432;14;82;"";3209
432;1;72;"";3210
433;46;51;"";3211
433;28;88;"";3212
433;66;58;"";3213
223;32;39;"";3214
292;39;73;"";3215
433;62;36;"";3216
223;61;73;"";3217
434;9;44;"";3218
434;42;58;"";3219
223;63;84;"";3220
434;13;52;"";3221
224;41;87;"";3222
434;62;89;"";3223
224;44;73;"";3224
435;24;89;"";3225
292;17;41;"";3226
224;29;88;"";3227
435;35;36;"";3228
292;36;90;"";3229
435;56;90;"";3230
292;65;85;"";3231
435;70;84;"";3232
293;73;55;"";3233
436;48;45;"";3234
436;21;86;"";3235
293;44;42;"";3236
436;60;88;"";3237
293;51;40;"";3238
436;2;72;"";3239
293;54;38;"";3240
437;50;83;"";3241
294;26;81;"";3242
437;1;89;"";3243
294;42;44;"";3244
437;5;38;"";3245
224;4;44;"";3246
294;65;90;"";3247
437;47;38;"";3248
225;26;65;"";3249
294;36;84;"";3250
438;45;52;"";3251
295;63;57;"";3252
438;14;49;"";3253
225;42;88;"";3254
295;3;45;"";3255
438;67;71;"";3256
225;69;89;"";3257
438;63;86;"";3258
225;45;72;"";3259
439;66;44;"";3260
439;22;42;"";3261
439;21;57;"";3262
295;75;84;"";3263
440;69;72;"";3264
440;70;84;"";3265
226;47;56;"";3266
440;55;65;"";3267
296;67;56;"";3268
440;72;72;"";3269
441;76;57;"";3270
226;28;84;"";3271
441;48;52;"";3272
226;52;58;"";3273
441;25;85;"";3274
226;74;89;"";3275
441;70;49;"";3276
442;9;66;"";3277
227;51;83;"";3278
442;26;38;"";3279
227;2;73;"";3280
442;72;64;"";3281
227;29;73;"";3282
442;27;44;"";3283
227;21;52;"";3284
443;76;40;"";3285
443;21;66;"";3286
443;50;52;"";3287
444;59;69;"";3288
444;58;68;"";3289
444;23;83;"";3290
444;20;39;"";3291
445;48;85;"";3292
445;67;82;"";3293
445;14;44;"";3294
445;18;82;"";3295
446;67;82;"";3296
446;48;39;"";3297
446;6;84;"";3298
446;34;54;"";3299
447;29;56;"";3300
447;70;84;"";3301
447;57;82;"";3302
448;21;53;"";3303
448;67;58;"";3304
448;10;53;"";3305
448;44;82;"";3306
449;42;89;"";3307
296;48;54;"";3308
296;62;36;"";3309
296;56;49;"";3310
297;26;89;"";3311
297;33;42;"";3312
297;31;36;"";3313
297;10;40;"";3314
297;20;68;"";3315
298;26;72;"";3316
298;42;50;"";3317
298;25;65;"";3318
298;17;56;"";3319
299;39;90;"";3320
299;53;72;"";3321
299;50;70;"";3322
300;60;36;"";3323
300;22;40;"";3324
300;46;66;"";3325
300;67;82;"";3326
301;20;69;"";3327
301;5;58;"";3328
301;50;44;"";3329
302;25;86;"";3330
302;66;64;"";3331
302;55;88;"";3332
302;74;69;"";3333
303;46;82;"";3334
303;1;70;"";3335
303;23;86;"";3336
303;27;81;"";3337
345;33;43;"";3338
304;53;49;"";3339
345;9;82;"";3340
304;2;53;"";3341
345;32;40;"";3342
304;49;53;"";3343
304;8;87;"";3344
345;43;55;"";3345
304;72;37;"";3346
346;23;54;"";3347
305;13;43;"";3348
346;57;49;"";3349
305;19;71;"";3350
346;42;37;"";3351
305;72;81;"";3352
449;33;51;"";3353
346;34;42;"";3354
305;44;37;"";3355
449;70;57;"";3356
347;26;66;"";3357
306;30;69;"";3358
449;26;49;"";3359
347;32;42;"";3360
306;8;42;"";3361
450;17;88;"";3362
347;8;57;"";3363
306;44;72;"";3364
450;15;69;"";3365
306;22;44;"";3366
347;29;41;"";3367
450;7;88;"";3368
307;43;40;"";3369
348;59;41;"";3370
450;69;72;"";3371
307;19;39;"";3372
348;25;89;"";3373
307;37;82;"";3374
451;75;87;"";3375
348;39;49;"";3376
307;40;84;"";3377
451;71;68;"";3378
308;14;58;"";3379
348;66;44;"";3380
308;31;40;"";3381
349;4;66;"";3382
308;64;90;"";3383
349;31;58;"";3384
308;24;73;"";3385
349;28;45;"";3386
451;36;55;"";3387
349;26;85;"";3388
451;57;52;"";3389
350;17;90;"";3390
452;15;81;"";3391
452;51;50;"";3392
350;39;55;"";3393
452;22;57;"";3394
350;75;83;"";3395
452;30;45;"";3396
350;55;86;"";3397
453;76;87;"";3398
453;67;52;"";3399
351;53;64;"";3400
453;63;54;"";3401
351;39;55;"";3402
453;73;44;"";3403
351;32;38;"";3404
454;62;56;"";3405
454;18;55;"";3406
351;10;90;"";3407
454;42;50;"";3408
454;47;89;"";3409
352;67;40;"";3410
455;10;73;"";3411
352;76;45;"";3412
455;38;83;"";3413
352;18;36;"";3414
455;40;84;"";3415
455;73;56;"";3416
353;29;39;"";3417
456;70;51;"";3418
353;69;39;"";3419
456;75;57;"";3420
353;51;70;"";3421
456;21;55;"";3422
353;47;69;"";3423
456;4;66;"";3424
457;11;54;"";3425
354;71;89;"";3426
457;52;72;"";3427
457;2;37;"";3428
354;70;41;"";3429
457;5;44;"";3430
354;48;44;"";3431
458;69;40;"";3432
354;59;45;"";3433
458;70;88;"";3434
309;12;41;"";3435
458;14;89;"";3436
355;21;86;"";3437
309;15;88;"";3438
458;49;64;"";3439
355;67;44;"";3440
459;26;54;"";3441
355;32;37;"";3442
459;42;41;"";3443
355;22;90;"";3444
356;49;66;"";3445
356;18;36;"";3446
356;28;42;"";3447
357;12;56;"";3448
357;15;40;"";3449
357;26;86;"";3450
309;50;65;"";3451
358;38;39;"";3452
309;61;43;"";3453
358;34;69;"";3454
310;67;40;"";3455
310;21;88;"";3456
358;62;89;"";3457
310;22;64;"";3458
358;16;36;"";3459
311;76;71;"";3460
311;67;37;"";3461
359;11;70;"";3462
311;45;69;"";3463
359;10;50;"";3464
311;35;69;"";3465
359;51;85;"";3466
312;29;65;"";3467
312;69;66;"";3468
359;4;72;"";3469
312;6;89;"";3470
312;38;42;"";3471
360;11;54;"";3472
313;24;54;"";3473
360;10;82;"";3474
313;16;52;"";3475
313;19;49;"";3476
360;73;64;"";3477
459;27;39;"";3478
313;68;50;"";3479
360;5;87;"";3480
460;55;85;"";3481
314;70;45;"";3482
361;28;82;"";3483
460;54;44;"";3484
361;1;41;"";3485
314;29;86;"";3486
460;9;37;"";3487
361;19;89;"";3488
314;32;64;"";3489
460;2;58;"";3490
361;65;82;"";3491
315;69;58;"";3492
362;27;40;"";3493
460;10;89;"";3494
315;70;54;"";3495
362;4;68;"";3496
461;29;86;"";3497
315;21;65;"";3498
362;41;81;"";3499
461;75;43;"";3500
461;41;66;"";3501
461;13;45;"";3502
462;49;81;"";3503
462;65;64;"";3504
462;23;36;"";3505
462;28;70;"";3506
463;20;65;"";3507
463;58;44;"";3508
463;53;88;"";3509
463;71;40;"";3510
315;56;53;"";3511
464;34;67;"";3512
316;45;53;"";3513
464;11;70;"";3514
316;68;36;"";3515
464;59;69;"";3516
464;74;57;"";3517
362;29;71;"";3518
465;27;55;"";3519
363;28;56;"";3520
465;14;50;"";3521
363;47;51;"";3522
465;47;66;"";3523
363;10;89;"";3524
316;71;38;"";3525
465;24;53;"";3526
363;14;36;"";3527
316;56;87;"";3528
364;16;89;"";3529
317;17;53;"";3530
364;35;54;"";3531
364;18;55;"";3532
364;31;41;"";3533
365;68;88;"";3534
317;30;49;"";3535
365;44;42;"";3536
317;13;73;"";3537
365;19;73;"";3538
317;70;36;"";3539
365;55;83;"";3540
318;33;39;"";3541
366;66;44;"";3542
318;42;86;"";3543
466;45;52;"";3544
366;20;89;"";3545
318;24;87;"";3546
466;73;89;"";3547
466;13;41;"";3548
318;43;86;"";3549
466;24;43;"";3550
318;61;81;"";3551
467;76;82;"";3552
467;67;55;"";3553
467;52;44;"";3554
467;57;45;"";3555
468;50;67;"";3556
468;43;39;"";3557
319;57;37;"";3558
468;6;85;"";3559
319;42;52;"";3560
468;57;84;"";3561
469;60;67;"";3562
319;73;53;"";3563
366;62;52;"";3564
469;20;54;"";3565
366;28;69;"";3566
469;47;54;"";3567
367;28;90;"";3568
469;64;55;"";3569
470;61;83;"";3570
367;1;42;"";3571
470;55;72;"";3572
367;9;68;"";3573
470;40;81;"";3574
367;59;43;"";3575
470;34;39;"";3576
319;63;38;"";3577
368;32;89;"";3578
471;46;85;"";3579
320;66;57;"";3580
368;23;87;"";3581
471;47;42;"";3582
320;25;51;"";3583
368;72;64;"";3584
471;12;49;"";3585
368;22;66;"";3586
471;61;55;"";3587
472;8;71;"";3588
369;37;82;"";3589
472;53;43;"";3590
369;52;81;"";3591
472;22;84;"";3592
369;22;58;"";3593
472;5;52;"";3594
473;28;69;"";3595
369;2;81;"";3596
473;13;82;"";3597
370;53;50;"";3598
473;53;55;"";3599
473;21;83;"";3600
320;18;84;"";3601
474;12;44;"";3602
320;74;85;"";3603
474;30;68;"";3604
321;5;43;"";3605
370;15;81;"";3606
474;13;81;"";3607
321;64;55;"";3608
370;22;65;"";3609
474;16;72;"";3610
370;32;58;"";3611
475;66;45;"";3612
371;37;67;"";3613
475;5;57;"";3614
371;16;85;"";3615
475;25;49;"";3616
475;34;87;"";3617
371;61;70;"";3618
476;3;58;"";3619
371;70;53;"";3620
476;7;50;"";3621
321;9;42;"";3622
372;41;54;"";3623
476;32;51;"";3624
321;60;36;"";3625
372;4;43;"";3626
476;37;69;"";3627
322;41;54;"";3628
372;54;58;"";3629
477;66;86;"";3630
372;74;65;"";3631
477;60;53;"";3632
477;53;39;"";3633
373;5;56;"";3634
477;61;57;"";3635
373;61;71;"";3636
373;66;37;"";3637
373;35;45;"";3638
374;31;49;"";3639
374;68;72;"";3640
478;9;37;"";3641
374;3;73;"";3642
478;23;84;"";3643
478;60;53;"";3644
374;54;58;"";3645
478;43;45;"";3646
479;34;43;"";3647
479;3;49;"";3648
479;24;38;"";3649
479;41;55;"";3650
480;26;49;"";3651
480;42;89;"";3652
375;21;51;"";3653
480;9;81;"";3654
322;62;41;"";3655
375;76;57;"";3656
480;4;70;"";3657
322;55;64;"";3658
481;67;51;"";3659
322;22;73;"";3660
322;11;41;"";3661
481;21;64;"";3662
375;66;89;"";3663
481;52;72;"";3664
481;73;56;"";3665
375;30;43;"";3666
482;26;38;"";3667
375;48;51;"";3668
482;32;49;"";3669
376;20;57;"";3670
482;63;54;"";3671
376;59;89;"";3672
482;7;39;"";3673
483;56;71;"";3674
376;17;81;"";3675
483;31;67;"";3676
376;2;37;"";3677
483;30;64;"";3678
377;68;56;"";3679
323;27;83;"";3680
323;44;86;"";3681
323;35;68;"";3682
483;6;70;"";3683
323;43;44;"";3684
483;18;39;"";3685
324;23;49;"";3686
484;27;89;"";3687
324;33;44;"";3688
484;18;65;"";3689
324;26;40;"";3690
484;38;45;"";3691
324;42;64;"";3692
484;54;68;"";3693
485;16;85;"";3694
485;7;40;"";3695
485;58;70;"";3696
486;57;84;"";3697
377;18;70;"";3698
325;28;53;"";3699
486;42;53;"";3700
377;59;42;"";3701
325;1;54;"";3702
486;18;85;"";3703
377;61;81;"";3704
325;53;73;"";3705
486;72;73;"";3706
378;13;37;"";3707
487;44;83;"";3708
325;59;88;"";3709
378;46;88;"";3710
487;41;88;"";3711
378;25;90;"";3712
487;59;66;"";3713
487;71;72;"";3714
378;59;58;"";3715
488;50;81;"";3716
379;67;87;"";3717
488;47;43;"";3718
488;65;90;"";3719
379;76;64;"";3720
488;19;81;"";3721
379;4;68;"";3722
488;59;43;"";3723
379;53;89;"";3724
489;1;52;"";3725
489;28;81;"";3726
380;48;65;"";3727
489;67;88;"";3728
380;76;38;"";3729
489;57;88;"";3730
326;71;37;"";3731
380;6;68;"";3732
490;33;73;"";3733
326;70;54;"";3734
380;33;43;"";3735
490;57;57;"";3736
326;38;66;"";3737
381;48;43;"";3738
326;23;40;"";3739
490;28;86;"";3740
381;76;57;"";3741
490;31;51;"";3742
491;58;50;"";3743
381;28;66;"";3744
491;66;73;"";3745
326;28;54;"";3746
381;26;41;"";3747
491;9;40;"";3748
327;74;83;"";3749
382;3;81;"";3750
491;53;64;"";3751
382;24;67;"";3752
492;21;86;"";3753
382;75;81;"";3754
327;64;56;"";3755
327;20;38;"";3756
382;18;53;"";3757
327;28;68;"";3758
492;76;71;"";3759
383;60;57;"";3760
328;33;55;"";3761
492;26;66;"";3762
383;20;55;"";3763
492;6;37;"";3764
383;48;40;"";3765
493;54;44;"";3766
383;6;69;"";3767
493;66;42;"";3768
384;32;42;"";3769
384;26;44;"";3770
493;14;81;"";3771
384;61;57;"";3772
493;63;57;"";3773
384;17;83;"";3774
494;46;81;"";3775
384;15;40;"";3776
494;1;43;"";3777
385;50;49;"";3778
385;19;65;"";3779
385;11;38;"";3780
385;13;53;"";3781
386;39;49;"";3782
386;17;81;"";3783
386;37;57;"";3784
386;11;42;"";3785
387;8;71;"";3786
387;51;57;"";3787
494;66;58;"";3788
387;46;52;"";3789
495;21;87;"";3790
387;61;45;"";3791
495;48;43;"";3792
388;29;41;"";3793
495;12;86;"";3794
388;75;82;"";3795
495;30;83;"";3796
388;14;45;"";3797
496;47;65;"";3798
388;70;73;"";3799
496;50;87;"";3800
389;41;81;"";3801
496;13;71;"";3802
389;27;68;"";3803
496;20;49;"";3804
389;68;90;"";3805
497;14;57;"";3806
497;36;58;"";3807
389;63;43;"";3808
497;34;45;"";3809
390;75;40;"";3810
497;75;52;"";3811
498;21;43;"";3812
390;29;53;"";3813
498;67;49;"";3814
498;58;56;"";3815
390;65;50;"";3816
498;6;67;"";3817
499;25;40;"";3818
390;53;70;"";3819
499;66;87;"";3820
499;42;51;"";3821
391;31;38;"";3822
499;44;49;"";3823
500;75;38;"";3824
391;44;49;"";3825
500;71;37;"";3826
500;63;83;"";3827
391;15;50;"";3828
500;25;39;"";3829
391;32;38;"";3830
392;53;64;"";3831
392;51;81;"";3832
392;36;90;"";3833
392;45;88;"";3834
393;47;43;"";3835
393;19;43;"";3836
393;25;84;"";3837
393;57;89;"";3838
394;56;69;"";3839
394;31;40;"";3840
394;1;36;"";3841
394;16;68;"";3842
395;53;49;"";3843
395;39;50;"";3844
395;32;83;"";3845
395;30;37;"";3846
396;64;53;"";3847
396;58;66;"";3848
396;61;88;"";3849
396;59;37;"";3850
397;9;84;"";3851
397;26;52;"";3852
397;11;85;"";3853
397;48;56;"";3854
398;68;88;"";3855
398;40;58;"";3856
398;6;44;"";3857
398;29;40;"";3858
399;20;81;"";3859
399;5;86;"";3860
399;12;40;"";3861
399;21;53;"";3862
400;5;65;"";3863
400;61;65;"";3864
400;25;72;"";3865
400;43;52;"";3866
401;57;40;"";3867
401;23;83;"";3868
401;32;50;"";3869
401;35;72;"";3870
402;17;71;"";3871
402;12;72;"";3872
402;10;70;"";3873
402;31;90;"";3874
403;32;68;"";3875
403;23;81;"";3876
403;70;82;"";3877
403;44;72;"";3878
403;14;82;"";3879
404;18;43;"";3880
404;65;88;"";3881
404;17;41;"";3882
404;41;44;"";3883
405;62;83;"";3884
405;45;42;"";3885
405;43;72;"";3886
405;26;86;"";3887
406;11;57;"";3888
406;10;38;"";3889
406;56;56;"";3890
406;51;86;"";3891
407;2;51;"";3892
407;51;88;"";3893
407;15;55;"";3894
407;74;45;"";3895
408;30;55;"";3896
408;53;66;"";3897
408;29;86;"";3898
408;51;58;"";3899
408;46;49;"";3900
409;30;69;"";3901
409;51;72;"";3902
409;19;37;"";3903
409;25;51;"";3904
410;30;58;"";3905
410;2;37;"";3906
410;15;39;"";3907
410;17;43;"";3908
411;48;40;"";3909
411;67;44;"";3910
411;66;67;"";3911
411;58;53;"";3912
412;67;70;"";3913
412;76;36;"";3914
412;22;65;"";3915
412;36;88;"";3916
413;46;81;"";3917
413;19;39;"";3918
413;16;83;"";3919
414;49;89;"";3920
414;14;38;"";3921
414;58;89;"";3922
414;67;42;"";3923
415;8;85;"";3924
415;51;71;"";3925
415;49;71;"";3926
415;56;40;"";3927
416;54;53;"";3928
416;64;68;"";3929
416;6;57;"";3930
416;49;58;"";3931
417;43;66;"";3932
417;28;57;"";3933
417;67;40;"";3934
417;44;70;"";3935
418;59;57;"";3936
418;25;44;"";3937
418;33;51;"";3938
418;37;65;"";3939
419;9;38;"";3940
419;23;57;"";3941
419;74;71;"";3942
419;66;38;"";3943
420;34;85;"";3944
420;11;51;"";3945
420;50;44;"";3946
421;32;58;"";3947
421;9;40;"";3948
421;38;68;"";3949
421;39;43;"";3950
422;51;68;"";3951
422;12;38;"";3952
422;55;83;"";3953
422;14;55;"";3954
422;20;88;"";3955
423;71;73;"";3956
423;29;84;"";3957
423;38;43;"";3958
423;60;89;"";3959
424;73;64;"";3960
424;45;82;"";3961
424;50;44;"";3962
424;34;53;"";3963
425;10;70;"";3964
425;6;51;"";3965
425;28;42;"";3966
425;56;45;"";3967
426;66;87;"";3968
426;5;43;"";3969
426;32;38;"";3970
426;30;90;"";3971
426;25;86;"";3972
427;28;69;"";3973
427;50;64;"";3974
427;41;51;"";3975
427;19;36;"";3976
428;38;42;"";3977
428;3;58;"";3978
428;16;69;"";3979
428;59;90;"";3980
429;53;81;"";3981
429;2;55;"";3982
